{
    "spider": "./1234/xo.jar;md5;d10047ad127888e9588e38bdc0817cdd",
    "wallpaper": "http://xhww.fun:63/img.php",
    "sites": [
        {
            "key": "豆瓣",
            "name": "豆瓣┃推荐",
            "type": 3,
            "api": "./1234/apiv23drpy.min.js",
            "ext": "./1234/drpy.js",
            "searchable": 0,
            "quickSearch": 0,
            "filterable": 0
        },
        {
            "key": "Kunyu77",
            "name": "不二┃TV",
            "type": 3,
            "api": "csp_Kunyu77",
            "playerType": 1,
            "searchable": 1,
            "quickSearch": 1,
            "filterable": 1
        },
    
        {
            "key": "360",
            "name": "360┃BPQ",
            "type": 3,
            "api": "csp_XBPQ",
            "playerType": "1",
            "ext": "./1234/360.json"
        },
    
        {
            "key": "饭团",
            "name": "饭团┃BPQ",
            "type": 3,
            "api": "csp_XBPQ",
            "playerType": "1",
            "ext": "./1234/饭团.json"
        },
        {
            "key": "YQK_spider",
            "name": "一起┃APP",
            "api": "csp_YQKAPP",
            "type": 3,
            "filterable": 1,
            "playerType": 2,
            "quickSearch": 1,
            "searchable": 1,
            "ext": "https://hk-api-cf.yqk5659.com"
        },
        {
            "key": "一龙",
            "name": "一龙┃BPQ",
            "type": 3,
            "api": "csp_XBPQ",
            "playerType": "1",
            "ext": "./1234/L看.json"
        },
        {
            "key": "csp_WoGG",
            "name": "玩偶┃阿里",
            "type": 3,
            "api": "csp_WoGG",
            "changeable": 0,
            "searchable": 1,
            "quickSearch": 1,
            "filterable": 1,
            "ext": "http://127.0.0.1:9978/file/tvfan/token.txt+4k|fhd|auto$$$http://tvfan.xxooo.cf/"
        },
        {
            "key": "奇优",
            "name": "奇优┃BPQ",
            "type": 3,
            "api": "csp_XBPQ",
            "playerType": "1",
            "ext": "./1234/奇优.json"
        },
        {
            "key": "csp_Czsapp",
            "name": "厂长┃直连",
            "type": 3,
            "api": "csp_Czsapp",
            "playerType": 2,
            "searchable": 1,
            "quickSearch": 1,
            "ext": "https://czzy.art/",
            "filterable": 1
        },
        {
            "key": "yunyun",
            "name": "️芸芸┃BPQ",
            "type": 3,
            "api": "csp_XBPQ",
            "searchable": 1,
            "quickSearch": 1,
            "filterable": 0,
            "ext": "./1234/爱肥猫.json"
        },
        {
            "key": "yaya",
            "name": "️鸭鸭┃BPQ",
            "type": 3,
            "api": "csp_XBPQ",
            "searchable": 1,
            "quickSearch": 1,
            "filterable": 0,
            "ext": {
                "分类url": "https://www.pipiya.cc/vodtype/{cateId}/area/{area}/by/{by}/class/{class}/page/{catePg}/year/{year}.html;;lr",
                "分类": "电影$20#连续剧$26#美剧$21#日韩$28#动漫$25"
            }
        },
        {
            "key": "看看",
            "name": "看看┃BPQ",
            "type": 3,
            "playerType": "1",
            "changeable": 0,
            "api": "csp_XBPQ",
            "ext": {
                "主页url": "https://kankanju.cc",
                "请求头": "User-Agent$Dalvik/2.1.0#Cookie$filter_robot_dd=301",
                "播放请求头": "User-Agent$Dalvik/2.1.0 (Linux; U; Android 13; 22127RK46C Build/TKQ1.220905.001)",
                "副标题": "pic-text text-right\">&&</b>",
                "嗅探词": ".m3u8#.mp4#tos#video_mp4",
                "搜索模式": "1",
                "搜索url": "https://kankanju.cc/type/id-.html?wd={wd}",
                "影片类型": "<div class=\"module-info-tag\">&&立即播放",
                "导演": "导演：&&</div>",
                "主演": "主演：&&</div>",
                "简介": "introduction-content\">&&</span>",
                "线路数组": "data-toggle=&&</li>",
                "跳转播放链接": "https://kankanju.cc/jx/play.php?url=+link_pre*url\":\"&&\"",
                "线路标题": "\"tab\">&&</a>[不包含:线路1#线路2#线路3#][替换:FY线路>>无广告有4K#KKJ线路>>无告1080P#LZ线路>>广告1#FF线路>>广告2#YZ线路>>广告3]",
                "分类": "电影$dianying#连续剧$dianshiju#综艺$zongyi#动漫$dongman#纪录片$jilupian",
                "分类url": "https://kankanju.cc/vodshow/area/{area}/id/{cateId}/page/{catePg}/year/{year}.html;;m"
            }
        },
        {
            "key": "零度",
            "name": "零度┃BPQ",
            "type": 3,
            "api": "csp_XBPQ",
            "playerType": "1",
            "ext": "./1234/零度.json"
        },
        {
            "key": "来看",
            "name": "来看┃BPQ",
            "type": 3,
            "api": "csp_XBPQ",
            "searchable": 1,
            "quickSearch": 1,
            "filterable": 1,
            "ext": "./1234/来看.json"
        },
        {
            "key": "土豪",
            "name": "土豪┃BPQ",
            "type": 3,
            "api": "csp_XBPQ",
            "ext": {
                "分类url": "https://tuhao.tv/vsh/{cateId}-{area}-{by}-{class}-{lang}----{catePg}---{year}.html",
                "分类": "电影$1#剧集$2#动漫$4#综艺$4",
                "搜索模式": "1",
                "二次截取": "1&&-1+module-item-cover",
                "数组": "module-item-pic&&module-item-cover",
                "副标题": "module-item-text*>&&</div",
                "搜索url": "https://tuhao.tv/vse/-------------.html?wd={wd}",
                "线路数组": "<div class=\"module-tab-item tab-item&&</div[不包含:无尽#闪电#天空#飞速#卧龙]",
                "线路标题": "<span>&&</span",
                "搜索数组": "class=\"module-item-pic&&</div",
                "搜索图片": "data-src=\"&&\"",
                "搜索标题": "alt=\"&&\"",
                "搜索链接": "href=\"&&\"",
                "跳转播放链接": "https://tuhao.tv/addons/dp/player/dp.php?key=0&from=+\"from\":\"&&\"+&id=+\"id\":\"&&\"+&api=&url=+vod_class*url\":\"&&\"",
                "二次跳转播放链接": "\"url\"*\"&&\""
            }
        },
        {
            "key": "saohuo",
            "name": "骚火┃BPQ",
            "type": 3,
            "searchable": 1,
            "quickSearch": 1,
            "filterable": 1,
            "playerType": "1",
            "api": "csp_XBPQ",
            "ext": {
                "分类url": "https://saohuo.vip/list/{cateId}-{catePg}.html;;ar1",
                "分类": "电影$1#电视剧$2#韩剧$22#美剧$23#动漫$4",
                "数组二次截取": "class=\"v_list\">&&</ul>",
                "数组": "\"v_img\"&&/div>",
                "标题": "title=\"&&\"",
                "副标题": "v_note\"&&</div",
                "请求头": "User-Agent$Mozilla/5.0 (iPhone; CPU iPhone OS 13_2_3 like Mac OS X) AppleWebKit/605.1.15 (KHTML, like Gecko) Version/13.0.3 Mobile/15E148 Safari/604.1",
                "跳转播放链接": "<iframe*src=\"&&\"",
                "二次跳转播放链接": "https://hkjx.hhplayer.com/api.php;post;url=+var url*\"&&\"+&t=+var t*\"&&\"+&key=+var key*\"&&\"+&act=0+&play=1",
                "三次跳转播放链接": "\"url\"*\"&&\""
            }
        },
        {
            "key": "王子",
            "name": "王子┃BPQ",
            "type": 3,
            "api": "csp_XBPQ",
            "searchable": 1,
            "quickSearch": 1,
            "filterable": 0,
            "ext": "./1234/王子.json"
        },
        {
            "key": "🌀暴风",
            "name": "暴风┃BPQ",
            "type": 3,
            "api": "csp_XBPQ",
            "playerType": "1",
            "ext": "./1234/暴风.json"
        },
        {
            "key": "速搜",
            "name": "速搜┃BPQ",
            "type": 3,
            "api": "csp_XBPQ",
            "playerType": "1",
            "ext": "./1234/速搜.json"
        },
        {
            "key": "热播库",
            "name": "热播┃BPQ",
            "type": 3,
            "api": "csp_XBPQ",
            "playerType": "1",
            "ext": "./1234/热播.json"
        },
        {
            "key": "蚂蚁",
            "name": "蚂蚁┃BPQ",
            "type": 3,
            "jar": "./1234/zy0425.jar;md5;975c8ac43a0f8513bb4d32ca0de03340",
            "api": "csp_XBPQ",
            "ext": "./1234/蚂蚁.json"
        },
        {
            "key": "虎虎",
            "name": "虎虎┃BPQ",
            "type": 3,
            "api": "csp_XBPQ",
            "ext": "./1234/虎虎.json"
        },
        {
            "key": "利播",
            "name": "利播┃BPQ",
            "type": 3,
            "api": "csp_XBPQ",
            "ext": "./1234/利播.json"
        },
        {
            "key": "落叶",
            "name": "落叶┃BPQ",
            "type": 3,
            "api": "csp_XBPQ",
            "ext": "./1234/落叶.json"
        },
        {
            "key": "飞速",
            "name": "飞速┃APP",
            "type": 3,
            "api": "csp_AppYsV2",
            "searchable": 1,
            "quickSearch": 1,
            "filterable": 1,
            "ext": "http://big.lfytyl.com/api.php/app/"
        },
        {
            "key": "串串",
            "name": "串串┃️BPQ",
            "type": 3,
            "api": "csp_XBPQ",
            "ext": {
                "请求头": "手机#Referer$http://bczhuiju.com/",
                "主页url": "http://bczhuiju.com",
                "副标题": "<div class=\"module-item-note\">&&</div>",
                "线路数组": "data-dropdown-value=&&</div>[不包含:LZ在线#备用线路]",
                "线路标题": "<span>&&</span>",
                "嗅探词": ".m3u8#aliyundrive.net#auth_key=#mp4",
                "播放数组": "<div class=\"module-play-list-content&&</div>",
                "影片类型": "<div class=\"module-info-tag\">&&立即播放",
                "导演": "导演：</span>&&</div>",
                "主演": "主演：</span>&&</div>",
                "简介": "style=\"line-height: 20px;\"&&</p>",
                "播放列表": "<a&&</a>",
                "播放标题": "<span>&&</span>",
                "播放链接": "href=\"&&\"",
                "分类": "电影$1#电视剧$2#综艺$3#动漫$4",
                "分类url": "http://bczhuiju.com/vodshow/{cateId}-{area}-{by}-{class}-{lang}-{letter}---{catePg}---{year}/;;mu0"
            }
        },
        {
            "key": "滋滋",
            "name": "滋滋┃BPQ",
            "type": 3,
            "api": "csp_XBPQ",
            "playerType": "1",
            "ext": "./1234/子子.json"
        },
        {
            "key": "ok",
            "name": "Free┃BPQ",
            "type": 3,
            "api": "csp_XBPQ",
            "playerType": "1",
            "ext": "./1234/free.json"
        },
        {
            "key": "兔兔",
            "name": "兔兔｜BPQ",
            "type": 3,
            "searchable": 1,
            "quickSearch": 1,
            "filterable": 0,
            "api": "csp_XBPQ",
            "ext": "./1234/兔兔.json"
        },
        {
            "key": "臭蛋",
            "name": "臭蛋┃BPQ",
            "type": 3,
            "api": "csp_XBPQ",
            "ext": "./1234/蛋蛋.json"
        },
        {
            "key": "csp_XBPQ_JOJO",
            "name": "JOJO┃BPQ",
            "type": 3,
            "api": "csp_XBPQ",
            "searchable": 1,
            "quickSearch": 1,
            "filterable": 1,
            "ext": {
                "二次截取": "class=\"content-body\"&&class=\"content-lift\"",
                "数组": "<a&&</a>",
                "图片": "src=\"&&\"",
                "标题": "class=\"card-title\">&&</p>",
                "副标题": "class=\"item-speed\">&&</p>",
                "链接": "href=\"&&\"",
                "播放数组": "class=\"plyr-sidebar-list&&</div>",
                "嗅探词": "aliyundrive.net#cn-beijing-data",
                "搜索url": "https://app.syrme.top/video/search?q={wd}",
                "分类": "电影$电影#美剧$美剧#日剧$日剧#韩剧$韩剧#动漫$动漫#纪录$纪录",
                "分类url": "https://app.syrme.top/video/type/tag?type={cateId}&tag=&page={catePg}&size=18;;u0"
            }
        },
        {
            "key": "YiSo",
            "name": "易搜┃搜索",
            "type": 3,
            "api": "csp_YiSo",
            "searchable": 1,
            "quickSearch": 1,
            "filterable": 0,
            "changeable": 0,
            "ext": "http://127.0.0.1:9978/file/tvfan/token.txt+4k|fhd|auto"
        },
        {
            "key": "Zhaozy",
            "name": "资源┃搜索",
            "type": 3,
            "api": "csp_Zhaozy",
            "searchable": 1,
            "quickSearch": 1,
            "filterable": 0,
            "changeable": 0,
            "ext": "http://127.0.0.1:9978/file/tvfan/token.txt+4k|fhd|auto$$$fanfan$$$qqq111"
        },
        {
            "key": "PanSou",
            "name": "盘搜┃搜索",
            "type": 3,
            "api": "csp_PanSou",
            "searchable": 1,
            "quickSearch": 1,
            "filterable": 0,
            "changeable": 0,
            "ext": "http://127.0.0.1:9978/file/tvfan/token.txt+4k|fhd|auto"
        },
        {
            "key": "UpYun",
            "name": "Up搜┃搜索",
            "type": 3,
            "api": "csp_UpYun",
            "searchable": 1,
            "quickSearch": 1,
            "filterable": 0,
            "changeable": 0,
            "ext": "http://127.0.0.1:9978/file/tvfan/token.txt+4k|fhd|auto"
        },
        {
            "key": "PanSearch",
            "name": "盘Se┃搜索",
            "type": 3,
            "api": "csp_PanSearch",
            "searchable": 1,
            "quickSearch": 1,
            "filterable": 0,
            "changeable": 0,
            "ext": "http://127.0.0.1:9978/file/tvfan/token.txt+4k|fhd|auto"
        },
        {
            "key": "七夜",
            "name": "七夜┃搜索",
            "type": 3,
            "api": "csp_Dovx",
            "searchable": 1,
            "quickSearch": 1,
            "filterable": 0,
            "changeable": 0,
            "ext": "http://127.0.0.1:9978/file/tvfan/token.txt+4k|fhd|auto"
        },
        {
            "key": "dr_88看球",
            "name": "球赛┃体育",
            "type": 3,
            "api": "./1234/apiv1214drpy2.min.js",
            "searchable": 0,
            "quickSearch": 0,
            "filterable": 0,
            "ext": "./1234/88看球.js"
        },
        {
            "key": "酷影",
            "name": "泰泰┃APP",
            "type": 3,
            "api": "csp_AppYsV2",
            "searchable": 1,
            "quickSearch": 1,
            "filterable": 1,
            "ext": "http://124.222.175.111:89/api.php/app/"
        },
        {
            "key": "测试",
            "name": "测试┃APP",
            "type": 3,
            "api": "csp_AppYsV2",
            "searchable": 1,
            "quickSearch": 1,
            "filterable": 1,
            "ext": "http://tv.jilulu.cn/api2.php/v1.vod"
        },
        {
            "key": "酷酷",
            "name": "酷酷┃APP",
            "type": 3,
            "api": "csp_AppYsV2",
            "searchable": 1,
            "quickSearch": 1,
            "filterable": 1,
            "categories": [
                "电影",
                "电视剧",
                "综艺",
                "动漫"
            ],
            "ext": "https://www.tvkuys.xyz/api.php/app/"
        },
        {
            "key": "酷云",
            "name": "酷云┃APP",
            "type": 3,
            "api": "csp_AppYsV2",
            "searchable": 1,
            "quickSearch": 1,
            "filterable": 1,
            "categories": [
                "4K电影",
                "4K电视剧"
            ],
            "ext": "http://ys.realdou.cn/api.php/app/"
        },
        {
            "key": "瑞丰",
            "name": "辣辣┃APP",
            "type": 3,
            "api": "csp_AppYsV2",
            "searchable": 1,
            "quickSearch": 1,
            "filterable": 1,
            "ext": "http://www.miniku.cc/xgapp.php/v2/"
        },
        {
            "key": "csp_aidi",
            "name": "爱迪┃APP",
            "type": 3,
            "api": "csp_AppYsV2",
            "searchable": 1,
            "quickSearch": 1,
            "filterable": 1,
            "ext": "https://api123.adys.app/xgapp.php/v3/"
        },
        {
            "key": "蓝光官采",
            "name": "猫咪┃解析",
            "type": 1,
            "api": "http://zycj.jiexi.plus/api.php/provide/vod/?ac=list",
            "searchable": 1,
            "quickSearch": 1,
            "playUrl": "https://jx.jsonplayer.com/player/?url=",
            "filterable": 0,
            "categories": [
                "国产剧",
                "综艺",
                "动漫",
                "香港剧",
                "动作片",
                "科幻片",
                "战争片",
                "奇幻片",
                "喜剧片",
                "爱情片",
                "恐怖片",
                "犯罪片",
                "悬疑片",
                "惊悚片",
                "剧情片",
                "冒险片",
                "记录片"
            ]
        },
        {
            "key": "非凡资源",
            "name": "非凡┃切片",
            "type": 1,
            "api": "http://cj.ffzyapi.com/api.php/provide/vod/from/ffm3u8/",
            "searchable": 1,
            "quickSearch": 1,
            "categories": [
                "国产剧",
                "韩国剧",
                "香港剧",
                "台湾剧",
                "欧美剧",
                "动作片",
                "科幻片",
                "战争片",
                "奇幻片",
                "喜剧片",
                "爱情片",
                "恐怖片",
                "犯罪片",
                "悬疑片",
                "惊悚片",
                "剧情片",
                "冒险片",
                "记录片",
                "综艺",
                "动漫"
            ]
        },
        {
            "key": "快看资源",
            "name": "快看┃切片",
            "type": 1,
            "api": "https://kuaikan-api.com/api.php/provide/vod/?ac=list",
            "searchable": 1,
            "quickSearch": 1,
            "categories": [
                "国产剧",
                "韩国剧",
                "香港剧",
                "台湾剧",
                "欧美剧",
                "动作片",
                "科幻片",
                "战争片",
                "奇幻片",
                "喜剧片",
                "爱情片",
                "恐怖片",
                "犯罪片",
                "悬疑片",
                "惊悚片",
                "剧情片",
                "冒险片",
                "记录片",
                "综艺",
                "动漫"
            ]
        },
        {
            "key": "push_agent",
            "name": "链接┃推送",
            "type": 3,
            "api": "csp_Push",
            "searchable": 1,
            "quickSearch": 1,
            "filterable": 1,
            "ext": "http://127.0.0.1:9978/file/tvfan/token.txt"
        }
    ],
    "parses": [
        {
            "name": "聚合1",
            "type": 3,
            "url": "Demo"
        },
        {
            "name": "聚合0",
            "type": 3,
            "url": "Web"
        },
        {
            "name": "稻香🌾",
            "type": 1,
            "url": "https://vip.mosangkeji.com/api/?key=rRNvXAnOghBBLnC35c&url=",
            "flag": [
                "mgtv",
                "qiyi",
                "imgo",
                "爱奇艺",
                "奇艺",
                "qq",
                "腾讯",
                "youku",
                "优酷",
                "pptv",
                "PPTV",
                "letv",
                "乐视",
                "leshi",
                "bilibili",
                "哔哩哔哩",
                "哔哩",
                "mgtv",
                "芒果",
                "芒果"
            ]
        },
        {
            "name": "窗外🪟",
            "type": 1,
            "url": "http://ysjx.pingtouge.top//api//?key=bDJtCIVT3oe8bTN9eY&url=",
            "header": {
                "User-Agent": "Dart/2.14 (dart:io)"
            },
            "ext": {
                "flag": [
                    "qq",
                    "腾讯",
                    "youku",
                    "hulihuli",
                    "hulihuli-",
                    "优酷"
                ]
            }
        },
        {
            "name": "落叶🍂",
            "type": 1,
            "url": "https://110.42.2.98:33333//api//?key=6JsNUcM5473RcARVLg&url=",
            "flag": [
                "mgtv",
                "qiyi",
                "imgo",
                "爱奇艺",
                "奇艺",
                "qq",
                "腾讯",
                "youku",
                "优酷",
                "pptv",
                "PPTV",
                "letv",
                "乐视",
                "leshi",
                "bilibili",
                "哔哩哔哩",
                "哔哩",
                "mgtv",
                "芒果",
                "芒果"
            ]
        },
        {
            "name": "25芒果🥭",
            "type": 1,
            "url": "https://jx.255tv.tk/api/?key=S6kQHaE1gVEY5KAv8L&url=",
            "flag": [
                "imgo",
                "mgtv",
                "芒果"
            ]
        },
        {
            "name": "虾米🦐",
            "url": "http://162.14.106.28/API.php?url=",
            "type": 1,
            "ext": {
                "flag": [
                    "qiyi",
                    "imgo",
                    "爱奇艺",
                    "奇艺",
                    "qq",
                    "腾讯",
                    "youku",
                    "优酷",
                    "pptv",
                    "PPTV",
                    "letv",
                    "乐视",
                    "leshi",
                    "bilibili",
                    "哔哩哔哩",
                    "哔哩",
                    "mgtv",
                    "芒果",
                    "sohu",
                    "xigua",
                    "fun",
                    "风行"
                ],
                "header": {
                    "User-Agent": "Mozilla/5.0"
                }
            },
            "header": {
                "Referer": "https://jx.baiyu521.xyz/"
            }
        },
        {
            "name": "黄黄🍌",
            "type": 1,
            "url": "https://vip.xiaomaomi.tv//api.php?key=iknrzBCDIMPQRTY279&url=",
            "User-Agent": "Dart/2.18 (dart:io)",
            "ext": {
                "flag": [
                    "qq",
                    "腾讯",
                    "qiyi",
                    "爱奇艺",
                    "奇艺",
                    "youku",
                    "优酷",
                    "sohu",
                    "搜狐",
                    "letv",
                    "乐视",
                    "yk",
                    "CL4K",
                    "renrenmi",
                    "ltnb",
                    "bilibili",
                    "1905",
                    "xigua"
                ]
            }
        },
        {
            "name": "爱酷👓",
            "type": 1,
            "url": "https://api.json.icu//api//?key=aad5c2c72819716157511ef080f8d05f&url=",
            "ext": {
                "flag": [
                    "qq",
                    "腾讯",
                    "qiyi",
                    "爱奇艺",
                    "奇艺",
                    "youku",
                    "优酷",
                    "sohu",
                    "搜狐",
                    "letv",
                    "乐视",
                    "yk",
                    "CL4K",
                    "renrenmi",
                    "ltnb",
                    "bilibili",
                    "1905",
                    "xigua"
                ]
            }
        }
    ],
    "doh": [
        {
            "name": "Google",
            "url": "https://dns.google/dns-query",
            "ips": [
                "8.8.4.4",
                "8.8.8.8"
            ]
        },
        {
            "name": "Cloudflare",
            "url": "https://cloudflare-dns.com/dns-query",
            "ips": [
                "1.1.1.1",
                "1.0.0.1",
                "2606:4700:4700::1111",
                "2606:4700:4700::1001"
            ]
        },
        {
            "name": "AdGuard",
            "url": "https://dns.adguard.com/dns-query",
            "ips": [
                "94.140.14.140",
                "94.140.14.141"
            ]
        },
        {
            "name": "DNSWatch",
            "url": "https://resolver2.dns.watch/dns-query",
            "ips": [
                "84.200.69.80",
                "84.200.70.40"
            ]
        },
        {
            "name": "Quad9",
            "url": "https://dns.quad9.net/dns-quer",
            "ips": [
                "9.9.9.9",
                "149.112.112.112"
            ]
        }
    ],
"rules": [
{"host":"*","rule":["default.365yg.com"]},{"host":"dyxs20.com","rule":[".m3u8"]},{"host":"www.agemys.cc","rule":["cdn-tos","obj/tos-cn"]},{"host":"www.sharenice.net","rule":["http.*?/play.{0,3}\\?[^url]{2,8}=.*"]},{"host":"www.sharenice.net","rule":["qianpailive.com","vid="]},{"host":"*","rule":["douyin.com/aweme","video_id="]},{"host":"*","rule":["huoshan.com","/item/video/"]},{"host":"*","rule":["http((?!http).){12,}?\\.(m3u8|mp4|flv|avi|mkv|rm|wmv|mpg|m4a)\\?.*"]},{"host":"*","rule":["http((?!http).){12,}\\.(m3u8|mp4|flv|avi|mkv|rm|wmv|mpg|m4a)"]}],
"lives":[{"name":"live","type":0,"url":"./1234/live.txt","playerType":1,"epg":"http://epg.112114.xyz/?ch={name}&date={date}","logo": "https://epg.112114.xyz/logo/{name}.png"},
{"name":"TV","type":0,"url":"./1234/global.m3u","epg":"http://epg.112114.xyz/?ch={name}&date={date}","logo":"https://epg.112114.xyz/logo/{name}.png"}],
"flags":["youku","优酷","优 酷","优酷视频", "qq","腾讯","腾 讯","腾讯视频", "iqiyi", "qiyi","奇艺","爱奇艺","爱 奇 艺", "m1905", "xigua", "letv","leshi","乐视","乐 视", "sohu","搜狐","搜 狐","搜狐视频", "tudou", "pptv", "mgtv","芒果","imgo","芒果TV","芒 果 T V", "bilibili","哔 哩","哔 哩 哔 哩"],
"ijk":[{"group":"软解码","options":[{"category":4,"name":"opensles","value":"0"},{"category":4,"name":"overlay-format","value":"842225234"},{"category":4,"name":"framedrop","value":"1"},{"category":4,"name":"soundtouch","value":"1"},{"category":4,"name":"start-on-prepared","value":"1"},{"category":1,"name":"http-detect-range-support","value":"0"},{"category":1,"name":"fflags","value":"fastseek"},{"category":2,"name":"skip_loop_filter","value":"48"},{"category":4,"name":"reconnect","value":"1"},{"category":4,"name":"max-buffer-size","value":"5242880"},{"category":4,"name":"enable-accurate-seek","value":"0"},{"category":4,"name":"mediacodec","value":"0"},{"category":4,"name":"mediacodec-auto-rotate","value":"0"},{"category":4,"name":"mediacodec-handle-resolution-change","value":"0"},{"category":4,"name":"mediacodec-hevc","value":"0"},{"category":1,"name":"dns_cache_timeout","value":"600000000"}]},{"group":"硬解码","options":[{"category":4,"name":"opensles","value":"0"},{"category":4,"name":"overlay-format","value":"842225234"},{"category":4,"name":"framedrop","value":"1"},{"category":4,"name":"soundtouch","value":"1"},{"category":4,"name":"start-on-prepared","value":"1"},{"category":1,"name":"http-detect-range-support","value":"0"},{"category":1,"name":"fflags","value":"fastseek"},{"category":2,"name":"skip_loop_filter","value":"48"},{"category":4,"name":"reconnect","value":"1"},{"category":4,"name":"max-buffer-size","value":"5242880"},{"category":4,"name":"enable-accurate-seek","value":"0"},{"category":4,"name":"mediacodec","value":"1"},{"category":4,"name":"mediacodec-auto-rotate","value":"1"},{"category":4,"name":"mediacodec-handle-resolution-change","value":"1"},{"category":4,"name":"mediacodec-hevc","value":"1"},{"category":1,"name":"dns_cache_timeout","value":"600000000"}]}],
"ads":["wan.51img1.com","iqiyi.hbuioo.com","vip.ffzyad.com","https://lf1-cdn-tos.bytegoofy.com/obj/tos-cn-i-dy/455ccf9e8ae744378118e4bd289288dd"]
}