{
	"spider": "./yw/HeChengChaXiu.jar",
	"sites": [
		{
			"key": "drpy_js_豆瓣",
			"name": "😈心魔自用😈 ",
			"type": 3,
			"api": "./yw/apiv19drpy2.min.js",
			"ext": "./yw/drpy.js"
		},
		{
			"key": "drpy_js_360影视",
			"name": "官源 | 360 ",
			"type": 3,
			"api": "./yw/apiv19drpy2.min.js",
			"ext": "./yw/360影视.js"
		},
		{
			"key": "drpy_js_酷云七七",
			"name": "❤酷云七七 ",
			"type": 3,
			"api": "./yw/apiv19drpy2.min.js",
			"ext": "./yw/酷云77.js"
		},
		{
			"key": "drpy_js_萌蛋蛋",
			"name": "❤ 萌蛋蛋 ",
			"type": 3,
			"api": "./yw/apiv19drpy2.min.js",
			"ext": "./yw/萌蛋蛋.js"
		},
				{
			"key": "南柯电影网",
			"name": "🍂南柯电影网",
			"type": 3,
			"api": "csp_XBPQ",
			"searchable": 1,
			"quickSearch": 1,
			"filterable": 1,
			"ext": "./yw/南柯电影网.json"
		},
			{
			"key": "四个圈影视",
			"name": "🚗四个圈影视",
			"type": 3,
			"api": "csp_XBPQ",
			"searchable": 1,
			"quickSearch": 1,
			"filterable": 1,
			"ext": "./yw/四个圈影视.json"
		},
		{
			"key": "饭团",
			"name": "🍙饭团",
			"type": 3,
			"api": "csp_XBPQ",
			"searchable": 1,
			"quickSearch": 1,
			"filterable": 1,
			"ext": "./yw/饭团.json"
		},
	
		{
			"key": "drpy_js_低端",
			"name": "❤  低端 ",
			"type": 3,
			"api": "./yw/apiv19drpy2.min.js",
			"ext": "./yw/ddys.js"
		},
		{
			"key": "厂长",
			"name": "🤩厂长",
			"type": 3,
			"api": "csp_XBPQ",
			"searchable": 1,
			"quickSearch": 1,
			"filterable": 1,
			"ext": "./yw/厂长.json"
		},
		{
			"key": "米爱影视",
			"name": "🤩米爱影视",
			"type": 3,
			"api": "csp_XBPQ",
			"searchable": 1,
			"quickSearch": 1,
			"filterable": 1,
			"ext": "./yw/米爱影视.json"
		},
		{
			"key": "速映影视",
			"name": "💥速映影视",
			"type": 3,
			"api": "csp_XBPQ",
			"searchable": 1,
			"quickSearch": 1,
			"filterable": 1,
			"ext": "./yw/速映影视.json"
		},
		{
			"key": "策驰影视",
			"name": "💮策驰影视",
			"type": 3,
			"api": "csp_XBPQ",
			"searchable": 1,
			"quickSearch": 1,
			"filterable": 1,
			"ext": "./yw/策驰影视.json"
		},
		{
			"key": "子子影视",
			"name": "💪子子影视",
			"type": 3,
			"api": "csp_XBPQ",
			"searchable": 1,
			"quickSearch": 1,
			"filterable": 1,
			"ext": "./yw/子子影视.json"
		},
		{
			"key": "91影视",
			"name": "🍸91影视",
			"type": 3,
			"api": "csp_XBPQ",
			"searchable": 1,
			"quickSearch": 1,
			"filterable": 1,
			"ext": "./yw/91影视.json"
		},
		{
			"key": "电影先生",
			"name": "👨‍💼电影先生",
			"type": 3,
			"api": "csp_XBPQ",
			"searchable": 1,
			"quickSearch": 1,
			"filterable": 1,
			"ext": "./yw/电影先生.json"
		},
		{
			"key": "网飞TV",
			"name": "😉网飞TV",
			"type": 3,
			"api": "csp_XBPQ",
			"searchable": 1,
			"quickSearch": 1,
			"filterable": 1,
			"ext": "./yw/网飞TV.json"
		},
		{
			"key": "101影视",
			"name": "🖐101影视",
			"type": 3,
			"api": "csp_XBPQ",
			"searchable": 1,
			"quickSearch": 1,
			"filterable": 1,
			"ext": "./yw/101影视.json"
		},
		{
			"key": "1080",
			"name": "🤏1080",
			"type": 3,
			"api": "csp_XBPQ",
			"searchable": 1,
			"quickSearch": 1,
			"filterable": 1,
			"ext": "./yw/1080.json"
		},
		{
			"key": "电影蜜蜂",
			"name": "🐝电影蜜蜂",
			"type": 3,
			"api": "csp_XBPQ",
			"searchable": 1,
			"quickSearch": 1,
			"filterable": 1,
			"ext": "./yw/电影蜜蜂.json"
		},
		{
			"key": "臭蛋蛋",
			"name": "🌸臭蛋蛋 ",
			"type": 3,
			"api": "csp_XBPQ",
			"searchable": 1,
			"quickSearch": 1,
			"filterable": 1,
			"ext": "./yw/臭蛋蛋.json"
		},
		{
			"key": "6v电影",
			"name": "🤙6v电影",
			"type": 3,
			"api": "csp_XBPQ",
			"searchable": 1,
			"quickSearch": 1,
			"filterable": 1,
			"ext": "./yw/6v电影.json"
		},
		{
			"key": "FREEOK",
			"name": " ☺FREEOK ",
			"type": 3,
			"api": "csp_XBPQ",
			"searchable": 1,
			"quickSearch": 1,
			"filterable": 1,
			"ext": "./yw/freeok.json"
		},
		{
			"key": "libvio",
			"name": "😘libvio ",
			"type": 3,
			"api": "csp_XBPQ",
			"searchable": 1,
			"quickSearch": 1,
			"filterable": 1,
			"ext": "./yw/libvio.json"
		},
		{
			"key": "AUETE影视",
			"name": "🤨AUETE影视",
			"type": 3,
			"api": "csp_XBPQ",
			"searchable": 1,
			"quickSearch": 1,
			"filterable": 1,
			"ext": "./yw/AUETE影视.json"
		},
		{
			"key": "Vidhub",
			"name": "😘Vidhub ",
			"type": 3,
			"api": "csp_XBPQ",
			"searchable": 1,
			"quickSearch": 1,
			"filterable": 1,
			"ext": "./yw/vidhub.json"
		},
		{
			"key": "素白白",
			"name": "😆素白白 ",
			"type": 3,
			"api": "csp_XBPQ",
			"searchable": 1,
			"quickSearch": 1,
			"filterable": 1,
			"ext": "./yw/素白白.json"
		},
		{
			"key": "慢大浪",
			"name": "😍慢大浪",
			"type": 3,
			"api": "csp_XBPQ",
			"searchable": 1,
			"quickSearch": 1,
			"filterable": 1,
			"ext": "./yw/慢大浪.json"
		},
		{
			"key": "影视工场",
			"name": "😍影视工场",
			"type": 3,
			"api": "csp_XBPQ",
			"searchable": 1,
			"quickSearch": 1,
			"filterable": 1,
			"ext": "./yw/影视工场.json"
		},
		{
			"key": "天空影视",
			"name": "🤨天空影视",
			"type": 3,
			"api": "csp_XBPQ",
			"searchable": 1,
			"quickSearch": 1,
			"filterable": 1,
			"ext": "./yw/天空影视.json"
		},
		{
			"key": "蓝光电影网",
			"name": "😃蓝光电影网",
			"type": 3,
			"api": "csp_XBPQ",
			"searchable": 1,
			"quickSearch": 1,
			"filterable": 1,
			"ext": "./yw/蓝光电影网.json"
		},
		{
			"key": "奈落影院",
			"name": "🤨奈落影院",
			"type": 3,
			"api": "csp_XBPQ",
			"searchable": 1,
			"quickSearch": 1,
			"filterable": 1,
			"ext": "./yw/奈落影院.json"
		},
		{
			"key": "城市电影",
			"name": "😍城市电影",
			"type": 3,
			"api": "csp_XBPQ",
			"searchable": 1,
			"quickSearch": 1,
			"filterable": 1,
			"ext": "./yw/城市电影.json"
		},
		{
			"key": "天天影院",
			"name": "🤩天天影院",
			"type": 3,
			"api": "csp_XBPQ",
			"searchable": 1,
			"quickSearch": 1,
			"filterable": 1,
			"ext": "./yw/天天影院.json"
		},
		{
			"key": "稀饭",
			"name": "😆稀饭 ",
			"type": 3,
			"api": "csp_XBPQ",
			"searchable": 1,
			"quickSearch": 1,
			"filterable": 1,
			"ext": "./yw/稀饭.json"
		},
		{
			"key": "voflix",
			"name": "😘voflix ",
			"type": 3,
			"api": "csp_XBPQ",
			"searchable": 1,
			"quickSearch": 1,
			"filterable": 1,
			"ext": "./yw/voflix.json"
		},
		{
			"key": "无极影院",
			"name": "😁无极影院",
			"type": 3,
			"api": "csp_XBPQ",
			"searchable": 1,
			"quickSearch": 1,
			"filterable": 1,
			"ext": "./yw/无极影院.json"
		},
			{
			"key": "灰太狼影视",
			"name": "🐺灰太狼影视",
			"type": 3,
			"api": "csp_XBPQ",
			"searchable": 1,
			"quickSearch": 1,
			"filterable": 1,
			"ext": "./yw/灰太狼影视.json"
		},
			{
			"key": "北极狐影视",
			"name": "🦊北极狐影视",
			"type": 3,
			"api": "csp_XBPQ",
			"searchable": 1,
			"quickSearch": 1,
			"filterable": 1,
			"ext": "./yw/北极狐影视.json"
		},
		{
			"key": "大米星球",
			"name": " ☺大米星球 ",
			"type": 3,
			"api": "csp_XBPQ",
			"searchable": 1,
			"quickSearch": 1,
			"filterable": 1,
			"ext": "./yw/大米星球.json"
		},
		{
			"key": "野荷塘",
			"name": "🙃野荷塘 ",
			"type": 3,
			"api": "csp_XBPQ",
			"searchable": 1,
			"quickSearch": 1,
			"filterable": 1,
			"ext": "./yw/野荷塘.json"
		},
		{
			"key": "假低端",
			"name": "😔假低端 ",
			"type": 3,
			"api": "csp_XBPQ",
			"searchable": 1,
			"quickSearch": 1,
			"filterable": 1,
			"ext": "./yw/假低端.json"
		},
		{
			"key": "TVB云播",
			"name": "☺TVB云播 ",
			"type": 3,
			"api": "csp_XBPQ",
			"searchable": 1,
			"quickSearch": 1,
			"filterable": 1,
			"ext": "./yw/TV云播.json"
		},
		{
			"key": "凌云影视",
			"name": "☺凌云影视 ",
			"type": 3,
			"api": "csp_XBPQ",
			"searchable": 1,
			"quickSearch": 1,
			"filterable": 1,
			"ext": "./yw/凌云影视.json"
		},
		{
			"key": "快看影视",
			"name": "😍快看影视 ",
			"type": 3,
			"api": "csp_XBPQ",
			"searchable": 1,
			"quickSearch": 1,
			"filterable": 1,
			"ext": "./yw/快看影视.json"
		},
		{
			"key": "来看点播",
			"name": "😲来看点播 ",
			"type": 3,
			"api": "csp_XBPQ",
			"searchable": 1,
			"quickSearch": 1,
			"filterable": 1,
			"ext": "./yw/来看点播.json"
		},
		{
			"key": "骚火影视",
			"name": "🥰骚火影视",
			"type": 3,
			"api": "csp_XBPQ",
			"searchable": 1,
			"quickSearch": 1,
			"filterable": 1,
			"ext": "./yw/骚火影视.json"
		},
		{
			"key": "八蛋影视",
			"name": "😗八蛋影视 ",
			"type": 3,
			"api": "csp_XBPQ",
			"searchable": 1,
			"quickSearch": 1,
			"filterable": 1,
			"ext": "./yw/八蛋影视.json"
		},
		{
			"key": "NIKETV",
			"name": "😗NIKETV ",
			"type": 3,
			"api": "csp_XBPQ",
			"searchable": 1,
			"quickSearch": 1,
			"filterable": 1,
			"ext": "./yw/NIKETV.json"
		},
		{
			"key": "看了么",
			"name": "😗看了么 ",
			"type": 3,
			"api": "csp_XBPQ",
			"searchable": 1,
			"quickSearch": 1,
			"filterable": 1,
			"ext": "./yw/看了吗.json"
		},
		{
			"key": "哔哩兔影视",
			"name": "🐇哔哩兔影视",
			"type": 3,
			"api": "csp_XBPQ",
			"searchable": 1,
			"quickSearch": 1,
			"filterable": 1,
			"ext": "./yw/哔哩兔影视.json"
		},
		{
			"key": "野荷塘",
			"name": "❤ 野荷塘",
			"type": 3,
			"api": "csp_XBPQ",
			"searchable": 1,
			"quickSearch": 1,
			"filterable": 1,
			"ext": "./yw/野荷塘.json"
		},
		{
			"key": "热播之家",
			"name": "😋热播之家 ",
			"type": 3,
			"api": "csp_XBPQ",
			"searchable": 1,
			"quickSearch": 1,
			"filterable": 1,
			"ext": "./yw/热播之家.json"
		},
		{
			"key": "真不卡",
			"name": "❤真不卡",
			"type": 3,
			"api": "csp_XBPQ",
			"searchable": 1,
			"quickSearch": 1,
			"filterable": 1,
			"ext": "./yw/真不卡.json"
		},
		{
			"key": "豆巴影视",
			"name": "😐豆巴影视 ",
			"type": 3,
			"api": "csp_XBPQ",
			"searchable": 1,
			"quickSearch": 1,
			"filterable": 1,
			"ext": "./yw/豆巴影视.json"
		},
		{
			"key": "243影视网",
			"name": "😀243影视网",
			"type": 3,
			"api": "csp_XBPQ",
			"searchable": 1,
			"quickSearch": 1,
			"filterable": 1,
			"ext": "./yw/243影视网.json"
		},
		{
			"key": "drpy_js_莫扎兔儿",
			"name": "☺莫扎兔儿 ",
			"type": 3,
			"api": "./yw/apiv19drpy2.min.js",
			"ext": "./yw/莫扎兔.js"
		},
		{
			"key": "COKEMV",
			"name": "😋COKEMV ",
			"type": 3,
			"api": "csp_XBPQ",
			"searchable": 1,
			"quickSearch": 1,
			"filterable": 1,
			"ext": "./yw/COKEMV.json"
		},
		{
			"key": "干饭影视",
			"name": "🍱干饭影视 ",
			"type": 3,
			"api": "csp_XBPQ",
			"searchable": 1,
			"quickSearch": 1,
			"filterable": 1,
			"ext": "./yw/干饭影视.json"
		},
		{
			"key": "伊人追剧",
			"name": "😋伊人追剧 ",
			"type": 3,
			"api": "csp_XBPQ",
			"searchable": 1,
			"quickSearch": 1,
			"filterable": 1,
			"ext": "./yw/伊人追剧.json"
		},
		{
			"key": "八戒影院",
			"name": "🙄八戒影院 ",
			"type": 3,
			"api": "csp_XBPQ",
			"searchable": 1,
			"quickSearch": 1,
			"filterable": 1,
			"ext": "./yw/八戒影院.json"
		},
		{
			"key": "小狗影院",
			"name": "🙄小狗影院 ",
			"type": 3,
			"api": "csp_XBPQ",
			"searchable": 1,
			"quickSearch": 1,
			"filterable": 1,
			"ext": "./yw/小狗影院.json"
		},
		{
			"key": "北川影视",
			"name": "🙄北川影视 ",
			"type": 3,
			"api": "csp_XBPQ",
			"searchable": 1,
			"quickSearch": 1,
			"filterable": 1,
			"ext": "./yw/北川影视.json"
		},
		{
			"key": "全能影视",
			"name": "🙄全能影视",
			"type": 3,
			"api": "csp_XBPQ",
			"searchable": 1,
			"quickSearch": 1,
			"filterable": 1,
			"ext": "./yw/全能影视.json"
		},
		{
			"key": "乌龟影院",
			"name": "🙄乌龟影院",
			"type": 3,
			"api": "csp_XBPQ",
			"searchable": 1,
			"quickSearch": 1,
			"filterable": 1,
			"ext": "./yw/乌龟影院.json"
		},
		{
			"key": "大豆高清",
			"name": "🍗大豆高清 ",
			"type": 3,
			"api": "csp_XBPQ",
			"searchable": 1,
			"quickSearch": 1,
			"filterable": 1,
			"ext": "./yw/大豆高清.json"
		},
		{
			"key": "555",
			"name": "🤩555 ",
			"type": 3,
			"api": "csp_XBPQ",
			"searchable": 1,
			"quickSearch": 1,
			"filterable": 1,
			"ext": "./yw/555.json"
		},
		{
			"key": "美剧天堂",
			"name": "🤩美剧天堂",
			"type": 3,
			"api": "csp_XBPQ",
			"searchable": 1,
			"quickSearch": 1,
			"filterable": 1,
			"ext": "./yw/美剧天堂.json"
		},
		{
			"key": "美剧窝",
			"name": "🤩美剧窝",
			"type": 3,
			"api": "csp_XBPQ",
			"searchable": 1,
			"quickSearch": 1,
			"filterable": 1,
			"ext": "./yw/美剧窝.json"
		},
		{
			"key": "人人美剧",
			"name": "🤩人人美剧（网站有问题）",
			"type": 3,
			"api": "csp_XBPQ",
			"searchable": 1,
			"quickSearch": 1,
			"filterable": 1,
			"ext": "./yw/人人美剧.json"
		},
		{
			"key": "91美剧",
			"name": "🤨91美剧",
			"type": 3,
			"api": "csp_XBPQ",
			"searchable": 1,
			"quickSearch": 1,
			"filterable": 1,
			"ext": "./yw/91美剧.json"
		},
		{
			"key": "久久美剧网",
			"name": "🤩久久美剧网",
			"type": 3,
			"api": "csp_XBPQ",
			"searchable": 1,
			"quickSearch": 1,
			"filterable": 1,
			"ext": "./yw/久久美剧网.json"
		},
		{
			"key": "人人影视p",
			"name": "😍人人影视p ",
			"type": 3,
			"api": "csp_XBPQ",
			"searchable": 1,
			"quickSearch": 1,
			"filterable": 1,
			"ext": "./yw/人人影视p.json"
		},
		{
			"key": "csp_XBPQ_一龙影视",
			"name": " 🐍一龙影视 ",
			"type": 3,
			"api": "csp_XBPQ",
			"searchable": 1,
			"quickSearch": 1,
			"filterable": 1,
			"ext": "./yw/一龙影视.json"
		},
		{
			"key": "双十",
			"name": "😆双十 ",
			"type": 3,
			"api": "csp_XBPQ",
			"searchable": 1,
			"quickSearch": 1,
			"filterable": 1,
			"ext": "./yw/双十.json"
		},
		{
			"key": "皮皮鸭",
			"name": "🦆皮皮鸭 ",
			"type": 3,
			"api": "csp_XBPQ",
			"searchable": 1,
			"quickSearch": 1,
			"filterable": 1,
			"ext": "./yw/皮皮鸭.json"
		},
		{
			"key": "兰花影视",
			"name": "☘兰花影视 ",
			"type": 3,
			"api": "csp_XBPQ",
			"searchable": 1,
			"quickSearch": 1,
			"filterable": 1,
			"ext": "./yw/兰花影视.json"
		},
		{
			"key": "达达龟",
			"name": "😍达达龟 ",
			"type": 3,
			"api": "csp_XBPQ",
			"searchable": 1,
			"quickSearch": 1,
			"filterable": 1,
			"ext": "./yw/达达龟.json"
		},
		{
			"key": "胖虎影视",
			"name": "😍胖虎影视 ",
			"type": 3,
			"api": "csp_XBPQ",
			"searchable": 1,
			"quickSearch": 1,
			"filterable": 1,
			"ext": "./yw/胖虎影视.json"
		},
		{
			"key": "YOHUTV",
			"name": "🙄YOHUTV",
			"type": 3,
			"api": "csp_XBPQ",
			"searchable": 1,
			"quickSearch": 1,
			"filterable": 1,
			"ext": "./yw/YOHUTV.json"
		},
		{
			"key": "WZ影视",
			"name": "🙄WZ影视",
			"type": 3,
			"api": "csp_XBPQ",
			"searchable": 1,
			"quickSearch": 1,
			"filterable": 1,
			"ext": "./yw/WZ影视.json"
		},
		{
			"key": "端木",
			"name": "😆端木",
			"type": 3,
			"api": "csp_XBPQ",
			"searchable": 1,
			"quickSearch": 1,
			"filterable": 1,
			"ext": "./yw/端木.json"
		},
		{
			"key": "时光影视",
			"name": "🤩时光影视 ",
			"type": 3,
			"api": "csp_XBPQ",
			"searchable": 1,
			"quickSearch": 1,
			"filterable": 1,
			"ext": "./yw/时光影视.json"
		},
		{
			"key": "霹雳影视",
			"name": "😆霹雳影视 ",
			"type": 3,
			"api": "csp_XBPQ",
			"searchable": 1,
			"quickSearch": 1,
			"filterable": 1,
			"ext": "./yw/霹雳影视.json"
		},
		{
			"key": "兄弟影视",
			"name": "😘兄弟影视 ",
			"type": 3,
			"api": "csp_XBPQ",
			"searchable": 1,
			"quickSearch": 1,
			"filterable": 1,
			"ext": "./yw/兄弟影视.json"
		},
		{
			"key": "csp_xml_非凡资源",
			"name": "❤非凡资源",
			"type": 1,
			"api": "http://cj.ffzyapi.com/api.php/provide/vod/",
			"searchable": 1,
			"quickSearch": 1,
			"filterable": 1,
			"playerType": 2,
			"categories": [
				"动作片",
				"喜剧片",
				"科幻片",
				"恐怖片",
				"爱情片",
				"剧情片",
				"战争片",
				"记录片",
				"国产剧",
				"欧美剧",
				"香港剧",
				"韩国剧",
				"台湾剧",
				"日本剧",
				"海外剧",
				"泰国剧",
				"国产动漫",
				"日韩动漫",
				"欧美动漫",
				"港台动漫",
				"海外动漫",
				"大陆综艺",
				"港台综艺",
				"日韩综艺",
				"欧美综艺"
			]
		},
		{
			"key": "量子资源",
			"name": "❤量子资源2",
			"type": 1,
			"api": "http://cj.lziapi.com/api.php/provide/vod/",
			"playerType": 2,
			"playUrl": "",
			"searchable": 1,
			"quickSearch": 1,
			"categories": [
				"国产剧",
				"国产动漫",
				"泰国剧",
				"台湾剧",
				"香港剧",
				"欧美剧",
				"韩国剧",
				"日本剧",
				"动漫",
				"体育",
				"剧情片",
				"动作片",
				"爱情片",
				"喜剧片"
			]
		},
		{
			"key": "csp_xml_天空",
			"name": "❤天空资源",
			"type": 1,
			"api": "https://m3u8.tiankongapi.com/api.php/provide/vod/from/tkm3u8/?ac=list",
			"searchable": 1,
			"quickSearch": 1,
			"filterable": 1,
			"playerType": 2,
			"categories": [
				"动作片",
				"喜剧片",
				"科幻片",
				"恐怖片",
				"爱情片",
				"剧情片",
				"战争片",
				"纪录片",
				"国产剧",
				"欧美剧",
				"犯罪片",
				"香港剧",
				"韩国剧",
				"台湾剧",
				"日剧",
				"海外剧",
				"其他片",
				"悬疑片",
				"奇幻片",
				"动画片",
				"国产动漫",
				"日本动漫",
				"欧美动漫",
				"港台动漫",
				"海外动漫",
				"大陆综艺",
				"港台综艺",
				"日韩综艺",
				"欧美综艺"
			]
		},
		{
			"key": "csp_xml_红牛",
			"name": "❤红牛资源",
			"type": 1,
			"api": "https://www.hongniuzy2.com/api.php/provide/vod/",
			"searchable": 1,
			"quickSearch": 1,
			"filterable": 1,
			"playerType": 2,
			"categories": [
				"动作片",
				"喜剧片",
				"科幻片",
				"恐怖片",
				"爱情片",
				"剧情片",
				"战争片",
				"纪录片",
				"动漫电影",
				"国产剧",
				"欧美剧",
				"犯罪片",
				"港澳剧",
				"韩剧",
				"泰剧",
				"台湾剧",
				"日剧",
				"海外剧",
				"其他片",
				"悬疑片",
				"奇幻片",
				"动画片",
				"体育赛事",
				"国产动漫",
				"日本动漫",
				"欧美动漫",
				"港台动漫",
				"海外动漫",
				"大陆综艺",
				"港台综艺",
				"日韩综艺",
				"欧美综艺"
			]
		},
		{
			"key": "csp_xml_无尽",
			"name": "❤无尽资源",
			"type": 1,
			"api": "https://api.wujinapi.me/api.php/provide/vod/?ac=list",
			"searchable": 1,
			"quickSearch": 1,
			"filterable": 1,
			"playerType": 2,
			"categories": [
				"动作片",
				"喜剧片",
				"科幻片",
				"恐怖片",
				"爱情片",
				"剧情片",
				"战争片",
				"纪录片",
				"邵氏电影",
				"国产剧",
				"欧美剧",
				"犯罪片",
				"香港剧",
				"韩国剧",
				"台湾剧",
				"日本剧",
				"海外剧",
				"其他片",
				"悬疑片",
				"奇幻片",
				"动画片",
				"国产动漫",
				"日本动漫",
				"欧美动漫",
				"港台动漫",
				"海外动漫",
				"大陆综艺",
				"港台综艺",
				"日韩综艺",
				"欧美综艺"
			]
		},
		{
			"key": "csp_xml_光速",
			"name": "❤光速资源",
			"type": 1,
			"api": "https://api.guangsuapi.com/api.php/provide/vod/from/gsm3u8/",
			"searchable": 1,
			"quickSearch": 1,
			"filterable": 1,
			"playerType": 2,
			"categories": [
				"动作片",
				"喜剧片",
				"科幻片",
				"恐怖片",
				"爱情片",
				"剧情片",
				"战争片",
				"记录片",
				"动漫电影",
				"大陆剧",
				"欧美剧",
				"港澳剧",
				"韩剧",
				"台湾剧",
				"日剧",
				"海外剧",
				"泰剧",
				"体育赛事",
				"国产动漫",
				"日韩动漫",
				"欧美动漫",
				"港台动漫",
				"海外动漫",
				"大陆综艺",
				"港台综艺",
				"日韩综艺",
				"欧美综艺"
			]
		},
		{
			"key": "csp_xml_飞速",
			"name": "❤飞速资源",
			"type": 1,
			"api": "https://www.feisuzyapi.com/api.php/provide/vod/?ac=list",
			"searchable": 1,
			"quickSearch": 1,
			"filterable": 1,
			"playerType": 2,
			"categories": [
				"动作片",
				"喜剧片",
				"科幻片",
				"恐怖片",
				"爱情片",
				"剧情片",
				"战争片",
				"纪录片",
				"动画片",
				"其他片",
				"国产剧",
				"欧美剧",
				"香港剧",
				"韩国剧",
				"台湾剧",
				"日本剧",
				"海外剧",
				"泰国剧",
				"其他剧",
				"体育赛事",
				"国产动漫",
				"日韩动漫",
				"欧美动漫",
				"港台动漫",
				"海外动漫",
				"大陆综艺",
				"港台综艺",
				"日韩综艺",
				"欧美综艺"
			]
		},
		{
			"key": "csp_xml_优质",
			"name": "❤优质资源",
			"type": 1,
			"api": "https://api.1080zyku.com/inc/api_mac10.php?ac=list",
			"searchable": 1,
			"quickSearch": 1,
			"filterable": 1,
			"playerType": 2,
			"categories": [
				"动作片",
				"喜剧片",
				"科幻片",
				"恐怖片",
				"爱情片",
				"剧情片",
				"战争片",
				"记录片",
				"动画片",
				"国产剧",
				"欧美剧",
				"香港剧",
				"韩国剧",
				"台湾剧",
				"日本剧",
				"海外剧",
				"泰国剧",
				"国产动漫",
				"日韩动漫",
				"欧美动漫",
				"港台动漫",
				"海外动漫",
				"大陆综艺",
				"港台综艺",
				"日韩综艺",
				"欧美综艺"
			]
		},
		{
			"key": "csp_xml_新浪",
			"name": "❤新浪资源",
			"type": 1,
			"api": "https://api.xinlangapi.com/xinlangapi.php/provide//vod/",
			"searchable": 1,
			"quickSearch": 1,
			"filterable": 1,
			"playerType": 2,
			"categories": [
				"动作片",
				"喜剧片",
				"科幻片",
				"恐怖片",
				"爱情片",
				"剧情片",
				"战争片",
				"纪录片",
				"动漫电影",
				"大陆剧",
				"欧美剧",
				"港澳剧",
				"韩剧",
				"台湾剧",
				"日剧",
				"海外剧",
				"泰剧",
				"体育",
				"国产动漫",
				"日韩动漫",
				"欧美动漫",
				"港台动漫",
				"海外动漫",
				"大陆综艺",
				"港台综艺",
				"日韩综艺",
				"欧美综艺"
			]
		},
		{
			"key": "淘片资源",
			"name": "❤淘片资源",
			"type": 1,
			"api": "./yw/apiv2695json.html",
			"searchable": 1,
			"quickSearch": 1
		},
		{
			"key": "卧龙资源",
			"name": "❤卧龙资源",
			"type": 1,
			"api": "https://collect.wolongzyw.com/api.php/provide/vod/",
			"searchable": 1,
			"quickSearch": 1,
			"filterable": 1,
			"playUrl": "",
			"playerType": 2,
			"categories": [
				"动作片",
				"喜剧片",
				"科幻片",
				"恐怖片",
				"爱情片",
				"剧情片",
				"战争片",
				"记录片",
				"动画电影",
				"国产剧",
				"欧美剧",
				"犯罪片",
				"香港剧",
				"韩国剧",
				"泰剧",
				"台湾剧",
				"日剧",
				"海外剧",
				"其他片",
				"悬疑片",
				"奇幻片",
				"动画片",
				"体育赛事",
				"国产动漫",
				"日韩动漫",
				"欧美动漫",
				"港台动漫",
				"海外动漫",
				"大陆综艺",
				"港台综艺",
				"日韩综艺",
				"欧美综艺"
			]
		},
		{
			"key": "csp_xml_百度",
			"name": "❤百度",
			"type": 1,
			"api": "https://api.apibdzy.com/api.php/provide/vod/?ac=list",
			"searchable": 1,
			"quickSearch": 1,
			"filterable": 1,
			"playerType": 2,
			"categories": [
				"动作片",
				"喜剧片",
				"科幻片",
				"恐怖片",
				"爱情片",
				"剧情片",
				"战争片",
				"纪录片",
				"动画电影",
				"大陆剧",
				"欧美剧",
				"犯罪片",
				"港澳剧",
				"韩剧",
				"泰剧",
				"台湾剧",
				"日剧",
				"海外剧",
				"其他片",
				"悬疑片",
				"奇幻片",
				"动画片",
				"体育赛事",
				"国产动漫",
				"日韩动漫",
				"欧美动漫",
				"港台动漫",
				"海外动漫",
				"大陆综艺",
				"港台综艺",
				"日韩综艺",
				"欧美综艺"
			]
		},
		{
			"key": "csp_xml_闪电资源",
			"name": "❤闪电资源",
			"type": 1,
			"api": "https://sdzyapi.com/api.php/provide/vod/?ac=list",
			"searchable": 1,
			"quickSearch": 1,
			"filterable": 1,
			"playUrl": "",
			"playerType": 2,
			"categories": [
				"动作片",
				"喜剧片",
				"科幻片",
				"恐怖片",
				"爱情片",
				"悬疑片",
				"剧情片",
				"战争片",
				"纪录片",
				"动画电影",
				"国产剧",
				"欧美剧",
				"犯罪片",
				"港剧",
				"韩剧",
				"泰剧",
				"台剧",
				"日剧",
				"海外剧",
				"其他片",
				"悬疑片",
				"奇幻片",
				"动画片",
				"体育赛事",
				"国产动漫",
				"日韩动漫",
				"欧美动漫",
				"港台动漫",
				"海外动漫",
				"大陆综艺",
				"港台综艺",
				"日韩综艺",
				"欧美综艺"
			]
		},
		{
			"key": "csp_xml_鱼乐资源",
			"name": "❤鱼乐资源",
			"type": 1,
			"api": "https://api.yulecj.com/api.php/provide/vod/?ac=list",
			"searchable": 1,
			"quickSearch": 1,
			"filterable": 1,
			"playUrl": "",
			"playerType": 2,
			"categories": [
				"动作片",
				"喜剧片",
				"科幻片",
				"恐怖片",
				"爱情片",
				"悬疑片",
				"剧情片",
				"战争片",
				"纪录片",
				"动画电影",
				"国产剧",
				"美国剧",
				"犯罪片",
				"香港剧",
				"韩国剧",
				"泰剧",
				"台湾剧",
				"日本剧",
				"海外剧",
				"其他剧",
				"悬疑片",
				"奇幻片",
				"动画片",
				"体育赛事",
				"国产动漫",
				"日韩动漫",
				"欧美动漫",
				"港台动漫",
				"海外动漫",
				"大陆综艺",
				"港台综艺",
				"日韩综艺",
				"欧美综艺"
			]
		},
		{
			"key": "csp_xml_ckzy",
			"name": "❤ckzy",
			"type": 1,
			"api": "https://ckzy.me/api.php/provide/vod/?ac=list",
			"searchable": 1,
			"quickSearch": 1,
			"filterable": 1,
			"playUrl": "",
			"playerType": 2,
			"categories": [
				"动作片",
				"喜剧片",
				"科幻片",
				"恐怖片",
				"爱情片",
				"悬疑片",
				"剧情片",
				"战争片",
				"记录片",
				"动画电影",
				"国产剧",
				"欧美剧",
				"犯罪片",
				"香港剧",
				"韩国剧",
				"泰剧",
				"港台剧",
				"日韩剧",
				"海外剧",
				"其他剧",
				"悬疑片",
				"奇幻片",
				"动画片",
				"体育赛事",
				"中国动漫",
				"日本动漫",
				"欧美动漫",
				"港台动漫",
				"海外动漫",
				"大陆综艺",
				"港台综艺",
				"日韩综艺",
				"欧美综艺"
			]
		},
		{
			"key": "csp_xml_fox",
			"name": "❤fox",
			"type": 1,
			"api": "https://api.foxzyapi.com/api.php/provide/vod/?ac=list",
			"searchable": 1,
			"quickSearch": 1,
			"filterable": 1,
			"playUrl": "",
			"playerType": 2,
			"categories": [
				"动作片",
				"喜剧片",
				"科幻片",
				"恐怖片",
				"爱情片",
				"悬疑片",
				"剧情片",
				"战争片",
				"纪录片",
				"动画电影",
				"国产剧",
				"欧美剧",
				"犯罪片",
				"香港剧",
				"韩国剧",
				"马泰剧",
				"台湾剧",
				"日本剧",
				"海外剧",
				"其他剧",
				"悬疑片",
				"奇幻片",
				"动漫片",
				"体育赛事",
				"国产动漫",
				"日韩动漫",
				"欧美动漫",
				"港台动漫",
				"海外动漫",
				"大陆综艺",
				"港台综艺",
				"日韩综艺",
				"欧美综艺"
			]
		},
		{
			"key": "csp_xml_暴风",
			"name": "❤暴风资源",
			"type": 1,
			"api": "https://bfzyapi.com/api.php/provide/vod/?ac=list",
			"searchable": 1,
			"quickSearch": 1,
			"filterable": 1,
			"playerType": 2,
			"categories": [
				"动作片",
				"喜剧片",
				"科幻片",
				"恐怖片",
				"爱情片",
				"剧情片",
				"战争片",
				"纪录片",
				"国产剧",
				"欧美剧",
				"犯罪片",
				"香港剧",
				"韩国剧",
				"台湾剧",
				"日本剧",
				"海外剧",
				"其他片",
				"悬疑片",
				"奇幻片",
				"动画片",
				"国产动漫",
				"日韩动漫",
				"欧美动漫",
				"港台动漫",
				"海外动漫",
				"大陆综艺",
				"港台综艺",
				"日韩综艺",
				"欧美综艺"
			]
		},
		{
			"key": "蓝光官采",
			"name": "❤猫咪",
			"type": 1,
			"api": "http://zy.xiaomaomi.vip/api.php/provide/vod/?ac=list",
			"searchable": 1,
			"quickSearch": 1,
			"playUrl": "https://jx.jsonplayer.com/player/?url=",
			"filterable": 0,
			"categories": [
				"国产剧",
				"综艺",
				"动漫",
				"香港剧",
				"动作片",
				"科幻片",
				"战争片",
				"奇幻片",
				"喜剧片",
				"爱情片",
				"恐怖片",
				"犯罪片",
				"悬疑片",
				"惊悚片",
				"剧情片",
				"冒险片",
				"记录片"
			]
		},
		{
			"key": "快看资源",
			"name": "❤快看",
			"type": 1,
			"api": "https://kuaikan-api.com/api.php/provide/vod/?ac=list",
			"searchable": 1,
			"quickSearch": 1,
			"categories": [
				"国产剧",
				"韩国剧",
				"香港剧",
				"台湾剧",
				"欧美剧",
				"动作片",
				"科幻片",
				"战争片",
				"奇幻片",
				"喜剧片",
				"爱情片",
				"恐怖片",
				"犯罪片",
				"悬疑片",
				"惊悚片",
				"剧情片",
				"冒险片",
				"记录片",
				"综艺",
				"动漫"
			]
		},
		{
			"key": "csp_xml_ikun",
			"name": "❤ikun资源",
			"type": 1,
			"api": "https://ikunzyapi.com/api.php/provide/vod/from/ikm3u8/at/json",
			"searchable": 1,
			"playUrl": "https://www.ikdmjx.com/?url=",
			"quickSearch": 1,
			"filterable": 1,
			"playerType": 2,
			"categories": [
				"动作片",
				"喜剧片",
				"科幻片",
				"恐怖片",
				"爱情片",
				"剧情片",
				"战争片",
				"记录片",
				"国产剧",
				"欧美剧",
				"犯罪片",
				"惊悚片",
				"古装片",
				"灾难片",
				"历史片",
				"香港剧",
				"韩国剧",
				"台湾剧",
				"日本剧",
				"海外剧",
				"泰国剧",
				"其他片",
				"悬疑片",
				"奇幻片",
				"动画片",
				"国产动漫",
				"日韩动漫",
				"欧美动漫",
				"大陆综艺",
				"港台综艺",
				"日韩综艺",
				"欧美综艺"
			]
		},
		{
			"key": "JOJO",
			"name": "😘JOJO ",
			"type": 3,
			"api": "csp_XBPQ",
			"searchable": 1,
			"quickSearch": 1,
			"filterable": 1,
			"ext": "./yw/JOJO.json"
		},
		{
			"key": "落攻阁",
			"name": "😘落攻阁 ",
			"type": 3,
			"api": "csp_XBPQ",
			"searchable": 1,
			"quickSearch": 1,
			"filterable": 1,
			"ext": "./yw/落攻阁.json"
		},
		{
			"key": "看看电影",
			"name": "😦看看电影 ",
			"type": 3,
			"api": "csp_XBPQ",
			"searchable": 1,
			"quickSearch": 1,
			"filterable": 1,
			"ext": "./yw/看看电影.json"
		},
		{
			"key": "csp_XBPQ",
			"name": "😦白嫖影视 ",
			"type": 3,
			"api": "csp_XBPQ",
			"searchable": 1,
			"quickSearch": 1,
			"filterable": 1,
			"ext": "./yw/白嫖影视.json"
		},
		{
			"key": "csp_appys_如意4K",
			"name": "😀如意4K",
			"type": 3,
			"api": "csp_AppYsV2",
			"searchable": 1,
			"quickSearch": 1,
			"filterable": 1,
			"ext": "http://cms.maoyingshi.cc/api.php/app/"
		},
		{
			"key": "金曼TV",
			"name": "🤑金曼TV ",
			"type": 3,
			"api": "csp_XBPQ",
			"searchable": 1,
			"quickSearch": 1,
			"filterable": 1,
			"ext": "./yw/金曼TV.json"
		},
		{
			"key": "花花",
			"name": "🌹花花 ",
			"type": 3,
			"api": "csp_XBPQ",
			"searchable": 1,
			"quickSearch": 1,
			"filterable": 1,
			"ext": "./yw/花花.json"
		},
		{
			"key": "白狐影视",
			"name": "🤨白狐影视",
			"type": 3,
			"api": "csp_XBPQ",
			"searchable": 1,
			"quickSearch": 1,
			"filterable": 1,
			"ext": "./yw/白狐影视.json"
		},
		{
			"key": "土豪影视",
			"name": "💵土豪影视 ",
			"type": 3,
			"api": "csp_XBPQ",
			"searchable": 1,
			"quickSearch": 1,
			"filterable": 1,
			"ext": "./yw/土豪影视.json"
		},
		{
			"key": "爱看影院",
			"name": "😐爱看影院 ",
			"type": 3,
			"api": "csp_XBPQ",
			"searchable": 1,
			"quickSearch": 1,
			"filterable": 1,
			"ext": "./yw/爱看影院.json"
		},
		{
			"key": "秋霞影视",
			"name": "😐秋霞影视",
			"type": 3,
			"api": "csp_XBPQ",
			"searchable": 1,
			"quickSearch": 1,
			"filterable": 1,
			"ext": "./yw/秋霞影视.json"
		},
		{
			"key": "歪片星球",
			"name": "😐歪片星球",
			"type": 3,
			"api": "csp_XBPQ",
			"searchable": 1,
			"quickSearch": 1,
			"filterable": 1,
			"ext": "./yw/歪片星球.json"
		},
		{
			"key": "小鹿影视",
			"name": "😐小鹿影视",
			"type": 3,
			"api": "csp_XBPQ",
			"searchable": 1,
			"quickSearch": 1,
			"filterable": 1,
			"ext": "./yw/小鹿影视.json"
		},
		{
			"key": "无名小站",
			"name": "😐无名小站",
			"type": 3,
			"api": "csp_XBPQ",
			"searchable": 1,
			"quickSearch": 1,
			"filterable": 1,
			"ext": "./yw/无名小站.json"
		},
		{
			"key": "6080",
			"name": " 🤩6080 ",
			"type": 3,
			"api": "csp_XBPQ",
			"searchable": 1,
			"quickSearch": 1,
			"filterable": 1,
			"ext": "./yw/6080.json"
		},
		{
			"key": "蓝光",
			"name": "😙蓝光影院 ",
			"type": 3,
			"api": "csp_XBPQ",
			"searchable": 1,
			"quickSearch": 1,
			"filterable": 1,
			"ext": "./yw/蓝光影院.json"
		},
		{
			"key": "南瓜影视",
			"name": "🙃南瓜影视 ",
			"type": 3,
			"api": "csp_XBPQ",
			"searchable": 1,
			"quickSearch": 1,
			"filterable": 1,
			"ext": "./yw/南瓜影视.json"
		},
		{
			"key": "莫扎兔",
			"name": "😙莫扎兔 ",
			"type": 3,
			"api": "csp_XBPQ",
			"searchable": 1,
			"quickSearch": 1,
			"filterable": 1,
			"ext": "./yw/莫扎兔.json"
		},
		{
			"key": "八戒影院",
			"name": "🤨八戒影院",
			"type": 3,
			"api": "csp_XBPQ",
			"searchable": 1,
			"quickSearch": 1,
			"filterable": 1,
			"ext": "./yw/八戒影院.json"
		},
		{
			"key": "朴樱影视",
			"name": " 🤞朴樱影视 ",
			"type": 3,
			"api": "csp_XBPQ",
			"searchable": 1,
			"quickSearch": 1,
			"filterable": 1,
			"ext": "./yw/朴樱影视.json"
		},
		{
			"key": "孜然影视",
			"name": "😀孜然影视 ",
			"type": 3,
			"api": "csp_XBPQ",
			"searchable": 1,
			"quickSearch": 1,
			"filterable": 1,
			"ext": "./yw/孜然影视.json"
		},
		{
			"key": "思古影视1",
			"name": "😀思古影视1 ",
			"type": 3,
			"api": "csp_XBPQ",
			"searchable": 1,
			"quickSearch": 1,
			"filterable": 1,
			"ext": "./yw/思古影视1.json"
		},
		{
			"key": "思古影视",
			"name": "😀思古影视 ",
			"type": 3,
			"api": "csp_XBPQ",
			"searchable": 1,
			"quickSearch": 1,
			"filterable": 1,
			"ext": "./yw/思古影视.json"
		},
		{
			"key": "在线之家",
			"name": "🤨在线之家",
			"type": 3,
			"api": "csp_XBPQ",
			"searchable": 1,
			"quickSearch": 1,
			"filterable": 1,
			"ext": "./yw/在线之家.json"
		},
		{
			"key": "西瓜影视",
			"name": "😑西瓜影视",
			"type": 3,
			"api": "csp_XBPQ",
			"searchable": 1,
			"quickSearch": 1,
			"filterable": 1,
			"ext": "./yw/西瓜影视.json"
		},
		{
			"key": "看一看",
			"name": " ☺看一看 ",
			"type": 3,
			"api": "csp_XBPQ",
			"searchable": 1,
			"quickSearch": 1,
			"filterable": 1,
			"ext": "./yw/看一看.json"
		},
		{
			"key": "人人筷子",
			"name": " 🤩人人筷子",
			"type": 3,
			"api": "csp_XBPQ",
			"searchable": 1,
			"quickSearch": 1,
			"filterable": 1,
			"ext": "./yw/人人筷子.json"
		},
		{
			"key": "麦豆TV",
			"name": " 🌱麦豆TV ",
			"type": 3,
			"api": "csp_XBPQ",
			"searchable": 1,
			"quickSearch": 1,
			"filterable": 1,
			"ext": "./yw/麦豆TV.json"
		},
		{
			"key": "麻花影视",
			"name": " 🥵麻花影视 ",
			"type": 3,
			"api": "csp_XBPQ",
			"searchable": 1,
			"quickSearch": 1,
			"filterable": 1,
			"ext": "./yw/麻花影视.json"
		},
		{
			"key": "哆咪",
			"name": "😆哆咪 ",
			"type": 3,
			"api": "csp_XBPQ",
			"searchable": 1,
			"quickSearch": 1,
			"filterable": 1,
			"ext": "./yw/哆咪.json"
		},
		{
			"key": "万博剧院",
			"name": "🤩万博剧院 ",
			"type": 3,
			"api": "csp_XBPQ",
			"searchable": 1,
			"quickSearch": 1,
			"filterable": 1,
			"ext": "./yw/万博剧院.json"
		},
		{
			"key": "追剧兔",
			"name": "🐇追剧兔",
			"type": 3,
			"api": "csp_XBPQ",
			"searchable": 1,
			"quickSearch": 1,
			"filterable": 1,
			"ext": "./yw/追剧兔.json"
		},
		{
			"key": "影渣渣",
			"name": "😚影渣渣 ",
			"type": 3,
			"api": "csp_XBPQ",
			"searchable": 1,
			"quickSearch": 1,
			"filterable": 1,
			"ext": "./yw/影渣渣.json"
		},
		{
			"key": "锐行加速",
			"name": "❤ 锐行加速",
			"type": 3,
			"api": "csp_XBPQ",
			"searchable": 1,
			"quickSearch": 1,
			"filterable": 1,
			"ext": "./yw/锐行加速.json"
		},
		{
			"key": "明帝影视",
			"name": "😁明帝影视",
			"type": 3,
			"api": "csp_XBPQ",
			"searchable": 1,
			"quickSearch": 1,
			"filterable": 1,
			"ext": "./yw/明帝影视.json"
		},
		{
			"key": "奇优影视",
			"name": "😮奇优影视",
			"type": 3,
			"api": "csp_XBPQ",
			"searchable": 1,
			"quickSearch": 1,
			"filterable": 1,
			"ext": "./yw/奇优影视.json"
		},
		{
			"key": "冷曦影视",
			"name": "😮冷曦影视",
			"type": 3,
			"api": "csp_XBPQ",
			"searchable": 1,
			"quickSearch": 1,
			"filterable": 1,
			"ext": "./yw/冷曦影视.json"
		},
		{
			"key": "777影视",
			"name": " 7️⃣777影视",
			"type": 3,
			"api": "csp_XBPQ",
			"searchable": 1,
			"quickSearch": 1,
			"filterable": 1,
			"ext": "./yw/777影视.json"
		},
		{
			"key": "我爱跟剧",
			"name": "🙄我爱跟剧",
			"type": 3,
			"api": "csp_XBPQ",
			"searchable": 1,
			"quickSearch": 1,
			"filterable": 1,
			"ext": "./yw/我爱跟剧.json"
		},
		{
			"key": "咖啡影院",
			"name": "🙄咖啡影院",
			"type": 3,
			"api": "csp_XBPQ",
			"searchable": 1,
			"quickSearch": 1,
			"filterable": 1,
			"ext": "./yw/咖啡影院.json"
		},
		{
			"key": "九九影院",
			"name": "🙄九九影院",
			"type": 3,
			"api": "csp_XBPQ",
			"searchable": 1,
			"quickSearch": 1,
			"filterable": 1,
			"ext": "./yw/九九影院.json"
		},
		{
			"key": "洞庭影视",
			"name": "🙄洞庭影视",
			"type": 3,
			"api": "csp_XBPQ",
			"searchable": 1,
			"quickSearch": 1,
			"filterable": 1,
			"ext": "./yw/洞庭影视.json"
		},
		{
			"key": "鸭奈非",
			"name": "😔鸭奈非",
			"type": 3,
			"api": "csp_XBPQ",
			"searchable": 1,
			"quickSearch": 1,
			"filterable": 1,
			"ext": "./yw/鸭奈非.json"
		},
		{
			"key": "鸭奈非4K",
			"name": "😔鸭奈非4K",
			"type": 3,
			"api": "csp_XBPQ",
			"searchable": 1,
			"quickSearch": 1,
			"filterable": 1,
			"ext": "./yw/鸭奈非4K.json"
		},
		{
			"key": "独播库",
			"name": "🙄独播库 ",
			"type": 3,
			"api": "csp_XBPQ",
			"searchable": 1,
			"quickSearch": 1,
			"filterable": 0,
			"ext": "./yw/独播库.json"
		},
		{
			"key": "CHNNETFILX",
			"name": "CHNNETFILX",
			"type": 3,
			"api": "csp_XBPQ",
			"searchable": 1,
			"quickSearch": 1,
			"filterable": 1,
			"ext": "./yw/CHNNETFILX.json"
		},
		{
			"key": "音范丝",
			"name": "😵音范丝",
			"type": 3,
			"api": "csp_XBPQ",
			"searchable": 1,
			"quickSearch": 1,
			"filterable": 1,
			"ext": "./yw/音范丝.json"
		},
		{
			"key": "188kan",
			"name": "😐188kan",
			"type": 3,
			"api": "csp_XBPQ",
			"searchable": 1,
			"quickSearch": 1,
			"filterable": 1,
			"ext": "./yw/188kan.json"
		},
		{
			"key": "csp_XYQHiker_80影视",
			"name": "80影视(XYQH)",
			"type": 3,
			"api": "csp_XYQHiker",
			"searchable": 1,
			"quickSearch": 1,
			"filterable": 1,
			"ext": "./yw/80影视.json"
		},
		{
			"key": "csp_XYQHiker_看看剧",
			"name": "看看剧(XYQH)",
			"type": 3,
			"api": "csp_XYQHiker",
			"searchable": 1,
			"quickSearch": 1,
			"filterable": 1,
			"ext": "./yw/看看剧.json"
		},
		{
			"key": "影视大全",
			"name": "😐影视大全",
			"type": 3,
			"api": "csp_XBPQ",
			"searchable": 1,
			"quickSearch": 1,
			"filterable": 1,
			"ext": "./yw/影视大全.json"
		},
		{
			"key": "巨人影院",
			"name": "😃巨人影院",
			"type": 3,
			"api": "csp_XBPQ",
			"searchable": 1,
			"quickSearch": 1,
			"filterable": 1,
			"ext": "./yw/巨人影院.json"
		},
		{
			"key": "400影视",
			"name": "😃400影视",
			"type": 3,
			"api": "csp_XBPQ",
			"searchable": 1,
			"quickSearch": 1,
			"filterable": 1,
			"ext": "./yw/400影视.json"
		},
		{
			"key": "磁力熊1",
			"name": "😃磁力熊1",
			"type": 3,
			"api": "csp_XBPQ",
			"searchable": 1,
			"quickSearch": 1,
			"filterable": 1,
			"ext": "./yw/磁力熊.json"
		},
		{
			"key": "大师兄影视",
			"name": "😉大师兄影视",
			"type": 3,
			"api": "csp_XBPQ",
			"searchable": 1,
			"quickSearch": 1,
			"filterable": 1,
			"ext": "./yw/大师兄影视.json"
		},
		{
			"key": "西屋影视",
			"name": "😗西屋影视",
			"type": 3,
			"api": "csp_XBPQ",
			"searchable": 1,
			"quickSearch": 1,
			"filterable": 1,
			"ext": "./yw/西屋影视.json"
		},
		{
			"key": "星空影视",
			"name": "😗星空影视",
			"type": 3,
			"api": "csp_XBPQ",
			"searchable": 1,
			"quickSearch": 1,
			"filterable": 1,
			"ext": "./yw/星空影视.json"
		},
		{
			"key": "酷茶影视",
			"name": "😗酷茶影视",
			"type": 3,
			"api": "csp_XBPQ",
			"searchable": 1,
			"quickSearch": 1,
			"filterable": 1,
			"ext": "./yw/酷茶影视.json"
		},
		{
			"key": "爱迪影视",
			"name": "😗爱迪影视",
			"type": 3,
			"api": "csp_XBPQ",
			"searchable": 1,
			"quickSearch": 1,
			"filterable": 1,
			"ext": "./yw/爱迪影视.json"
		},
		{
			"key": "影视之家",
			"name": "😗影视之家",
			"type": 3,
			"api": "csp_XBPQ",
			"searchable": 1,
			"quickSearch": 1,
			"filterable": 1,
			"ext": "./yw/影视之家.json"
		},
		{
			"key": "免费思古",
			"name": "😗免费思古",
			"type": 3,
			"api": "csp_XBPQ",
			"searchable": 1,
			"quickSearch": 1,
			"filterable": 1,
			"ext": "./yw/免费思古.json"
		},
		{
			"key": "简单影视",
			"name": "😗简单影视",
			"type": 3,
			"api": "csp_XBPQ",
			"searchable": 1,
			"quickSearch": 1,
			"filterable": 1,
			"ext": "./yw/简单影视.json"
		},
		{
			"key": "映迷影院",
			"name": "😗映迷影院",
			"type": 3,
			"api": "csp_XBPQ",
			"searchable": 1,
			"quickSearch": 1,
			"filterable": 1,
			"ext": "./yw/映迷影院.json"
		},
		{
			"key": "野菊花电影网",
			"name": "😗野菊花电影网",
			"type": 3,
			"api": "csp_XBPQ",
			"searchable": 1,
			"quickSearch": 1,
			"filterable": 1,
			"ext": "./yw/野菊花电影网.json"
		},
		{
			"key": "旋风视频",
			"name": "😗旋风视频",
			"type": 3,
			"api": "csp_XBPQ",
			"searchable": 1,
			"quickSearch": 1,
			"filterable": 1,
			"ext": "./yw/旋风视频.json"
		},
		{
			"key": "批哩㕷哩",
			"name": "😗批哩㕷哩",
			"type": 3,
			"api": "csp_XBPQ",
			"searchable": 1,
			"quickSearch": 1,
			"filterable": 1,
			"ext": "./yw/批哩㕷哩.json"
		},
		{
			"key": "酷绘",
			"name": "😗酷绘",
			"type": 3,
			"api": "csp_XBPQ",
			"searchable": 1,
			"quickSearch": 1,
			"filterable": 1,
			"ext": "./yw/酷绘.json"
		},
		{
			"key": "首播影视",
			"name": "😗首播影视",
			"type": 3,
			"api": "csp_XBPQ",
			"searchable": 1,
			"quickSearch": 1,
			"filterable": 1,
			"ext": "./yw/首播影视.json"
		},
		{
			"key": "番茄电影网",
			"name": "🍅番茄电影网",
			"type": 3,
			"api": "csp_XBPQ",
			"searchable": 1,
			"quickSearch": 1,
			"filterable": 1,
			"ext": "./yw/番茄电影网.json"
		},
		{
			"key": "起飞影视",
			"name": "👐起飞影视",
			"type": 3,
			"api": "csp_XBPQ",
			"searchable": 1,
			"quickSearch": 1,
			"filterable": 1,
			"ext": "./yw/起飞影视.json"
		},
		{
			"key": "app影院",
			"name": "😻app影院",
			"type": 3,
			"api": "csp_XBPQ",
			"searchable": 1,
			"quickSearch": 1,
			"filterable": 1,
			"ext": "./yw/app影院.json"
		},
		{
			"key": "ok影院",
			"name": "👌ok影院",
			"type": 3,
			"api": "csp_XBPQ",
			"searchable": 1,
			"quickSearch": 1,
			"filterable": 1,
			"ext": "./yw/ok影院.json"
		},
		{
			"key": "小鸭看看",
			"name": " 🦢小鸭看看",
			"type": 3,
			"api": "csp_XBPQ",
			"searchable": 1,
			"quickSearch": 1,
			"filterable": 1,
			"ext": "./yw/小鸭看看.json"
		},
		{
			"key": "熊猫影视",
			"name": "🐼熊猫影视",
			"type": 3,
			"api": "csp_XBPQ",
			"searchable": 1,
			"quickSearch": 1,
			"filterable": 1,
			"ext": "./yw/熊猫影视.json"
		},
		{
			"key": "drpy_js_云镜影视",
			"name": "云镜影视 ",
			"type": 3,
			"api": "./yw/apiv19drpy2.min.js",
			"ext": "./yw/云镜影视.js"
		},
	
		{
			"key": "drpy_js_四个圈儿",
			"name": " 四个圈儿 ",
			"type": 3,
			"api": "./yw/apiv19drpy2.min.js",
			"ext": "./yw/四个圈影视5361.js"
		},
		{
			"key": "drpy_js_007影视",
			"name": "007影视 ",
			"type": 3,
			"api": "./yw/apiv19drpy2.min.js",
			"ext": "./yw/007影视.js"
		},
		{
			"key": "drpy_js_9U电影",
			"name": "9U电影 ",
			"type": 3,
			"api": "./yw/apiv19drpy2.min.js",
			"ext": "./yw/9U电影.js"
		},
		{
			"key": "drpy_js_云播影院",
			"name": "云播影院 ",
			"type": 3,
			"api": "./yw/apiv19drpy2.min.js",
			"ext": "./yw/云播5415.js"
		},
		{
			"key": "drpy_js_8号影院",
			"name": " 8号影院 ",
			"type": 3,
			"api": "./yw/apiv19drpy2.min.js",
			"ext": "./yw/8号影院.js"
		},
		
		{
			"key": "drpy_js_乐猪TV",
			"name": "乐猪TV ",
			"type": 3,
			"api": "./yw/apiv19drpy2.min.js",
			"ext": "./yw/乐猪TV.js"
		},
	
		{
			"key": "drpy_js_鸭奈飞",
			"name": "鸭奈飞 ",
			"type": 3,
			"api": "./yw/apiv19drpy2.min.js",
			"ext": "./yw/鸭奈飞.js"
		},
		{
			"key": "drpy_js_被窝电影",
			"name": " 被窝电影 ",
			"type": 3,
			"api": "./yw/apiv19drpy2.min.js",
			"ext": "./yw/被窝电影.js"
		},
		{
			"key": "drpy_js_南柯电影",
			"name": " 南柯电影 ",
			"type": 3,
			"api": "./yw/apiv19drpy2.min.js",
			"ext": "./yw/南柯电影网5505.js"
		},
	
		{
			"key": "drpy_js_迷你库[V2]",
			"name": "迷你库[V2]",
			"type": 3,
			"api": "./yw/apiv19drpy2.min.js",
			"ext": "./yw/迷你库[V2].js"
		},
	
		
		{
			"key": "drpy_js_柒之社",
			"name": " 柒之社 ",
			"type": 3,
			"api": "./yw/apiv19drpy2.min.js",
			"ext": "./yw/柒之社.js"
		},
		{
			"key": "drpy_js_路漫漫",
			"name": " 路漫漫 ",
			"type": 3,
			"api": "./yw/apiv19drpy2.min.js",
			"ext": "./yw/路漫漫.js"
		},
		{
			"key": "drpy_js_看韩剧",
			"name": " 看韩剧 ",
			"type": 3,
			"api": "./yw/apiv19drpy2.min.js",
			"ext": "./yw/看韩剧.js"
		},
		{
			"key": "drpy_js_去看吧",
			"name": " 去看吧 ",
			"type": 3,
			"api": "./yw/apiv19drpy2.min.js",
			"ext": "./yw/去看吧.js"
		},
		{
			"key": "drpy_js_粤爱看",
			"name": " 粤爱看 ",
			"type": 3,
			"api": "./yw/apiv19drpy2.min.js",
			"ext": "./yw/粤爱看.js"
		},
	
		{
			"key": "csp_MeiJu69",
			"name": "69美剧",
			"api": "csp_AppYsV2",
			"type": 3,
			"filterable": 1,
			"quickSearch": 1,
			"searchable": 1,
			"ext": "https://www.69mj.com/xgapp.php/v2/"
		},
	
	
		{
			"key": "drpy_js_菜狗",
			"name": "官源 | 搜狗 ",
			"type": 3,
			"api": "./yw/apiv19drpy2.min.js",
			"ext": "./yw/菜狗.js"
		},
		{
			"key": "drpy_js_蜻蜓FM",
			"name": "广播 | 蜻蜓FM ",
			"type": 3,
			"api": "./yw/apiv19drpy2.min.js",
			"ext": "./yw/蜻蜓FM.js",
			"playerType": "2"
		},
		{
			"key": "drpy_js_喜马拉雅",
			"name": "听书 | 喜马拉雅 ",
			"type": 3,
			"api": "./yw/apiv19drpy2.min.js",
			"ext": "./yw/喜马拉雅.js",
			"playerType": "2"
		},
		{
			"key": "drpy_js_评书随身听",
			"name": "听书 | 评书随身听 ",
			"type": 3,
			"api": "./yw/apiv19drpy2.min.js",
			"ext": "./yw/评书随身听.js",
			"playerType": "2"
		},
		{
			"key": "drpy_js_相声随身听",
			"name": "听书 | 相声随身听 ",
			"type": 3,
			"api": "./yw/apiv19drpy2.min.js",
			"ext": "./yw/相声随身听.js",
			"playerType": "2"
		},
		{
			"key": "drpy_js_网易公版影像",
			"name": "聚合 | 网易公版影像 ",
			"type": 3,
			"api": "./yw/apiv19drpy2.min.js",
			"ext": "./yw/网易公版影像.js"
		},
		{
			"key": "drpy_js_JRKAN直播",
			"name": "体育 | JRKAN直播 ",
			"type": 3,
			"api": "./yw/apiv5775drpy.min.js",
			"ext": "./yw/JRKAN直播.js"
		},
		{
			"key": "drpy_js_310直播",
			"name": "体育 | 310直播 ",
			"type": 3,
			"api": "./yw/apiv19drpy2.min.js",
			"ext": "./yw/310直播.js"
		},
		{
			"key": "drpy_js_AnFuns",
			"name": "动漫 | AnFuns ",
			"type": 3,
			"api": "./yw/apiv19drpy2.min.js",
			"ext": "./yw/AnFuns.js"
		},
		{
			"key": "drpy_js_爱弹幕",
			"name": " 爱弹幕 ",
			"type": 3,
			"api": "./yw/apiv19drpy2.min.js",
			"ext": "./yw/爱弹幕.js"
		},
		{
			"key": "drpy_js_NT动漫",
			"name": "动漫 | NT动漫 ",
			"type": 3,
			"api": "./yw/apiv19drpy2.min.js",
			"ext": "./yw/NT动漫.js"
		},
		{
			"key": "drpy_js_动漫岛",
			"name": "动漫 | 动漫岛 ",
			"type": 3,
			"api": "./yw/apiv19drpy2.min.js",
			"ext": "./yw/动漫岛.js"
		},
	
	
		{
			"key": "drpy_js_妮可动漫",
			"name": "动漫 | 妮可动漫 ",
			"type": 3,
			"api": "./yw/apiv19drpy2.min.js",
			"ext": "./yw/妮可动漫.js"
		},
	
		{
			"key": "drpy_js_异世界动漫",
			"name": "动漫 | 异世界动漫 ",
			"type": 3,
			"api": "./yw/apiv19drpy2.min.js",
			"ext": "./yw/异世界动漫.js"
		},
		{
			"key": "drpy_js_奇珍异兽",
			"name": "官源 | 爱奇艺 ",
			"type": 3,
			"api": "./yw/apiv19drpy2.min.js",
			"ext": "./yw/奇珍异兽.js"
		},
		{
			"key": "drpy_js_优酷",
			"name": "官源 | 优酷 ",
			"type": 3,
			"api": "./yw/apiv19drpy2.min.js",
			"ext": "./yw/优酷.js"
		},
		{
			"key": "drpy_js_百忙无果",
			"name": "官源 | 芒果",
			"type": 3,
			"api": "./yw/apiv19drpy2.min.js",
			"ext": "./yw/百忙无果.js"
		},
		{
			"key": "drpy_js_腾云驾雾",
			"name": "官源 | 腾讯 ",
			"type": 3,
			"api": "./yw/apiv19drpy2.min.js",
			"ext": "./yw/腾云驾雾.js"
		},
		{
			"key": "push_agent",
			"name": "阿里 | 推送",
			"type": 3,
			"api": "csp_Push",
			"ext": "./yw/token.txt"
		}
	],
	"lives": [
		{
			"name": "心魔",
			"type": 0,
			"url": "./yw/live.txt"
		}
	],
	"parses": [
		{
			"name": "Json轮询",
			"type": 2,
			"url": "Sequence"
		},
		{
			"name": "Json并发",
			"type": 2,
			"url": "Parallel"
		},
		{
			"name": "解析聚合",
			"type": 3,
			"url": "Demo"
		},
		{
			"name": "测试",
			"type": 1,
			"url": "http://27.124.4.42:4567/jhjson/ceshi.php?url=",
			"ext": {
				"flag": [
					"qq",
					"腾讯",
					"企鹅",
					"IQiYi",
					"qiyi",
					"爱奇艺",
					"奇艺",
					"youku",
					"YouKu",
					"优酷",
					"sohu",
					"SoHu",
					"搜狐",
					"letv",
					"LeShi",
					"乐视",
					"imgo",
					"mgtv",
					"MangGuo",
					"芒果",
					"SLYS4k",
					"BYGA",
					"luanzi",
					"AliS",
					"dxzy",
					"bilibili",
					"QEYSS",
					"xigua",
					"西瓜视频",
					"腾讯视频",
					"奇艺视频",
					"优酷视频",
					"芒果视频",
					"乐视视频"
				]
			}
		},
		{
			"name": "小鱼之家",
			"type": 1,
			"url": "https://json.84jia.com/api/?key=zg2ZE0zTxIAeQPShoD&url="
		},
		{
			"name": "菜妮丝",
			"type": 0,
			"url": "https://jx.cainisi.cf/?v="
		},
		{
			"name": "虾米",
			"type": 0,
			"url": "https://jx.xmflv.com/?url="
		},
		{
			"name": "小新",
			"type": 1,
			"url": "http://xiaoxin.1080p.me/home/api?type=ys&uid=3011143&key=cdejlrwyCDFHJLUWY1&url="
		},
		{
			"name": "OK解析",
			"type": 0,
			"url": "http://okjx.cc/?url=",
			"parse": "1",
			"ext": {
				"flag": [
					"qq",
					"腾讯",
					"qiyi",
					"爱奇艺",
					"奇艺",
					"youku",
					"优酷",
					"mgtv",
					"芒果",
					"letv",
					"乐视",
					"pptv",
					"PPTV",
					"sohu",
					"bilibili",
					"哔哩哔哩",
					"哔哩"
				]
			}
		},
		{
			"name": "777",
			"type": 0,
			"url": "https://jx.777jiexi.com/player/?url="
		},
		{
			"name": "猫影视",
			"type": 1,
			"url": "https://www.itvbox.cc/bftihuan.php?url=",
			"ext": {
				"flag": [
					"qq",
					"腾讯",
					"企鹅",
					"IQiYi",
					"qiyi",
					"爱奇艺",
					"奇艺",
					"youku",
					"YouKu",
					"优酷",
					"sohu",
					"SoHu",
					"搜狐",
					"letv",
					"LeShi",
					"乐视",
					"imgo",
					"mgtv",
					"MangGuo",
					"芒果",
					"SLYS4k",
					"BYGA",
					"luanzi",
					"AliS",
					"dxzy",
					"bilibili",
					"QEYSS",
					"xigua",
					"西瓜视频",
					"腾讯视频",
					"奇艺视频",
					"优酷视频",
					"芒果视频",
					"乐视视频"
				]
			}
		},
		{
			"name": "杰森",
			"type": 0,
			"url": "https://jx.jsonplayer.com/player/?url="
		},
		{
			"name": "飞云",
			"type": 0,
			"url": "https://vip.daina.hk/fyzy/json.php?&url="
		},
		{
			"name": "诺讯",
			"type": 0,
			"url": "https://www.nxflv.com/?url="
		},
		{
			"name": "盘古",
			"type": 0,
			"url": "https://www.pangujiexi.cc/jiexi.php?url="
		},
		{
			"name": "RDHK",
			"type": 0,
			"url": "https://jx.rdhk.net/?v="
		},
		{
			"name": "思古3",
			"type": 0,
			"url": "https://jsap.attakids.com/?url="
		},
		{
			"name": "17云",
			"type": 0,
			"url": "https://www.1717yun.com/jx/ty.php?url="
		},
		{
			"name": "yangtu",
			"type": 0,
			"url": "https://jx.yangtu.top/?url="
		},
		{
			"name": "纯净/B站",
			"type": 0,
			"url": "https://im1907.top/?jx="
		},
		{
			"name": "夜幕",
			"type": 0,
			"url": "https://www.yemu.xyz/?url="
		},
		{
			"name": "H8",
			"type": 0,
			"url": "https://www.h8jx.com/jiexi.php?url="
		},
		{
			"name": "战狼",
			"type": 0,
			"url": "https://jx.zhanlangbu.com/?url="
		},
		{
			"name": "M3U8",
			"type": 0,
			"url": "https://jx.m3u8.tv/jiexi/?url=",
			"ext": {
				"flag": [
					"qq",
					"腾讯",
					"qiyi",
					"iqiyi",
					"爱奇艺",
					"奇艺",
					"youku",
					"优酷",
					"mgtv",
					"芒果",
					"letv",
					"乐视",
					"pptv",
					"PPTV",
					"sohu",
					"bilibili",
					"哔哩哔哩",
					"哔哩"
				]
			}
		},
		{
			"name": "365",
			"type": 0,
			"url": "https://chaxun.truechat365.com/?url=",
			"ext": {
				"flag": [
					"qq",
					"腾讯",
					"qiyi",
					"iqiyi",
					"爱奇艺",
					"奇艺",
					"youku",
					"优酷",
					"mgtv",
					"芒果",
					"letv",
					"乐视",
					"pptv",
					"PPTV",
					"sohu",
					"bilibili",
					"哔哩哔哩",
					"哔哩"
				]
			}
		},
		{
			"name": "MW0",
			"type": 0,
			"url": "https://parse.mw0.cc/?url="
		}
	],
	"flags": [
		"youku",
		"优酷",
		"优 酷",
		"优酷视频",
		"qq",
		"腾讯",
		"腾 讯",
		"腾讯视频",
		"iqiyi",
		"qiyi",
		"奇艺",
		"爱奇艺",
		"爱 奇 艺",
		"m1905",
		"xigua",
		"letv",
		"leshi",
		"乐视",
		"乐 视",
		"sohu",
		"搜狐",
		"搜 狐",
		"搜狐视频",
		"tudou",
		"pptv",
		"mgtv",
		"芒果",
		"imgo",
		"芒果TV",
		"芒 果 T V",
		"bilibili",
		"哔 哩",
		"哔 哩 哔 哩"
	],
	"m3u8ads": [
		{
			"name": "过",
			"hosts": [
				"https://vip.ffzy",
				"https://vip.lz",
				"https://hd.lz"
			],
			"rules": [
				{
					"regexp": "ts\\r*\\n*#EXT-X-DISCONTINUITY[\\s\\S]*?#EXT-X-DISCONTINUITY",
					"replace": "ts"
				}
			]
		}
	],
	"ijk": [
		{
			"group": "软解码",
			"options": [
				{
					"category": 4,
					"name": "opensles",
					"value": "0"
				},
				{
					"category": 4,
					"name": "overlay-format",
					"value": "842225234"
				},
				{
					"category": 4,
					"name": "framedrop",
					"value": "1"
				},
				{
					"category": 4,
					"name": "soundtouch",
					"value": "1"
				},
				{
					"category": 4,
					"name": "start-on-prepared",
					"value": "1"
				},
				{
					"category": 1,
					"name": "http-detect-range-support",
					"value": "0"
				},
				{
					"category": 1,
					"name": "fflags",
					"value": "fastseek"
				},
				{
					"category": 2,
					"name": "skip_loop_filter",
					"value": "48"
				},
				{
					"category": 4,
					"name": "reconnect",
					"value": "1"
				},
				{
					"category": 4,
					"name": "max-buffer-size",
					"value": "5242880"
				},
				{
					"category": 4,
					"name": "enable-accurate-seek",
					"value": "0"
				},
				{
					"category": 4,
					"name": "mediacodec",
					"value": "0"
				},
				{
					"category": 4,
					"name": "mediacodec-auto-rotate",
					"value": "0"
				},
				{
					"category": 4,
					"name": "mediacodec-handle-resolution-change",
					"value": "0"
				},
				{
					"category": 4,
					"name": "mediacodec-hevc",
					"value": "0"
				},
				{
					"category": 1,
					"name": "dns_cache_timeout",
					"value": "600000000"
				}
			]
		},
		{
			"group": "硬解码",
			"options": [
				{
					"category": 4,
					"name": "opensles",
					"value": "0"
				},
				{
					"category": 4,
					"name": "overlay-format",
					"value": "842225234"
				},
				{
					"category": 4,
					"name": "framedrop",
					"value": "1"
				},
				{
					"category": 4,
					"name": "soundtouch",
					"value": "1"
				},
				{
					"category": 4,
					"name": "start-on-prepared",
					"value": "1"
				},
				{
					"category": 1,
					"name": "http-detect-range-support",
					"value": "0"
				},
				{
					"category": 1,
					"name": "fflags",
					"value": "fastseek"
				},
				{
					"category": 2,
					"name": "skip_loop_filter",
					"value": "48"
				},
				{
					"category": 4,
					"name": "reconnect",
					"value": "1"
				},
				{
					"category": 4,
					"name": "max-buffer-size",
					"value": "5242880"
				},
				{
					"category": 4,
					"name": "enable-accurate-seek",
					"value": "0"
				},
				{
					"category": 4,
					"name": "mediacodec",
					"value": "1"
				},
				{
					"category": 4,
					"name": "mediacodec-auto-rotate",
					"value": "1"
				},
				{
					"category": 4,
					"name": "mediacodec-handle-resolution-change",
					"value": "1"
				},
				{
					"category": 4,
					"name": "mediacodec-hevc",
					"value": "1"
				},
				{
					"category": 1,
					"name": "dns_cache_timeout",
					"value": "600000000"
				}
			]
		}
	],
	"ads": [
		"wan.51img1.com",
		"iqiyi.hbuioo.com",
		"vip.ffzyad.com",
		"https://lf1-cdn-tos.bytegoofy.com/obj/tos-cn-i-dy/455ccf9e8ae744378118e4bd289288dd"
	],
	"wallpaper": "http://www.kf666888.cn/api/tvbox/img"
}