{
"spider":"./1105/xo.jar;md5;9d768be18080c6f5437bbe29ac6484bc",
"wallpaper":"https://api.btstu.cn/sjbz/api.php?lx=fengjing&format=images",

"lives":[
{"name": "live","type": 0,"playerType": 1,
//"url": "./1105/live3.txt",
//"url": "./1105/live2.txt",
//"url": "./1105/tvlive.txt",
//"url": "./1105/live_plus.txt",
"url": "./1105/live1.txt",
//"epg": "http://wpblog.qicp.vip/api/diyp/?ch={name}&date={date}",
//"epg": "http://epg.51zmt.top:8000/api/diyp/?ch={name}&date={date}",
"epg":"http://epg.112114.xyz/?ch={name}&date={date}",
"logo": "https://epg.112114.xyz/logo/{name}.png"}],

"sites":[
{"key": "csp_XYQHiker_乐猪影视","name": "🐷乐猪影视20230622","type": 3,"api": "csp_XYQHiker","searchable": 1,"quickSearch": 1,"filterable": 1,"ext": "./1105/乐猪TV.json","jar":"./1105/custom_spider.jar;md5;38eccad4d97381c63744fa26c4049e99"},
//{"key": "csp_xb_lez", "name": "🐷乐猪影视20230501", "type": 3, "api": "csp_XBiu", "m3u8ads": "hd.youyhn.com","searchable": 1, "quickSearch": 1, "filterable": 0, "ext": { "homeUrl": "http://www.lezhutv.com/type/{cateId}-{datePg}.html", "playlist":{ "sort":1 } } },
{"key":"Tutu_spider","name":"🐰图图影视┃SP","api":"csp_TutuYs","type":3,"filterable":1,"quickSearch":1,"searchable":1,"ext":"Sg7h4QoLLBzVV4acSRK#Huo0NEBdouelqiaojiSqX2k4qbYGi3o6sY","jar":"./1105/fix0610.jar;md5;a264d33e664119fed5af99338def9ca4"},
//{"key":"csp_AppTT","name": "🐰图图影视┃SP","type":3,"api": "csp_AppTT","searchable":1,"quickSearch":1,"filterable":1,"ext":"U2c3aDRRb0xMQnpWVjRhY1NSSyNIdW8wTkVCZG91ZWw=$$$U3FYMms0cWJZR2kzbzZzWQ==$$$aHR0cDovL2FwaS50dDU4LnR2L2NvbmZpZy9uZXd0di5qc29uP3NzPQ==","jar":"./1105/uyv0t678c488189af47bb91dc108484d17431.jar;md5;613066b0150c902b3d51bde7a433be83"},
{"key":"csp_Bili","name":"🅱️广场舞+戏曲(哔哩源)","type": 3,"api": "csp_Bili","playerType":2,"searchable": 1,"quickSearch": 0,"filterable": 0,"ext":"./1105/哔哩哔哩.json"},
{"key":"csp_XYQBiu_虎牙直播","name":"🐯虎牙直播┃坦克世界","type":3,"api":"XYQBiu","m3u8ads": "hd.youyhn.com","searchable":0,"quickSearch":0,"filterable":0,"ext":"./1105/hy.json"},
{"key": "极速资源lz","name": "👁‍🗨量子资源┃SP","type": 1,"api": "https://cj.lziapi.com/api.php/provide/vod/from/lzm3u8/?ac=list","m3u8ads": "hd.youyhn.com","searchable": 1,"quickSearch": 1,"filterable": 1,"categories": ["动作片","喜剧片","爱情片","科幻片","恐怖片","剧情片","战争片","国产剧","香港剧","韩国剧","欧美剧","记录片","台湾剧","日本剧","海外剧","泰国剧","大陆综艺","港台综艺","日韩综艺","欧美综艺","国产动漫","日韩动漫","欧美动漫","港台动漫","海外动漫","电影解说"]},
{"key": "zy_樱花资源","name": "👁‍🗨樱花资源┃SP","type": 1,"api":"https://m3u8.apiyhzy.com/api.php/provide/vod/","m3u8ads": "hd.youyhn.com","searchable": 1,"quickSearch": 1,"categories": ["动作片","喜剧片","爱情片","科幻片","恐怖片","剧情片","战争片","犯罪片","纪录片","动画电影","国产剧","香港剧","台湾剧","韩国剧","日本剧","欧美剧","海外剧","大陆综艺","日韩综艺","港台综艺","欧美综艺","国产动漫","日本动漫","欧美动漫","海外动漫"]},
{"key":"Gitcafe1","name":"🗒小纸条┃纯影视","type":"3","api":"csp_Paper","changeable":"0","searchable":"0","quickSearch":"0","filterable":"1","ext": "./token.txt"},
//{"key":"csp_Paper","name":"🗒小纸条┃纯影视","type":3,"api":"csp_Paper","playerType":1,"searchable": 1,"quickSearch": 1,"filterable": 1,"changeable": 0,"ext": "./token.txt"},
{"key":"csp_Alist3","name": "🅿Alist合集┃个人网盘","type":3,"api":"csp_AList","searchable":1,"quickSearch":1,"filterable": 1,"ext": "./1105/alist.json","jar":"./1105/fan-0519.txt"},
//{"key":"csp_Xinsj","name": "✨新视野┃SP","type":3,"api":"csp_Xinsj","searchable":1,"quickSearch":1,"filterable": 1,"ext":"https://www.6080dy3.com","jar":"./1105/spider.jar;md5;e911ef9b3f3c5101a90cdfd022f566f0"},
{"key":"csp_Xinsj","name":"✨新视野┃SP","type":3,"api":"csp_Xinsj","searchable":1,"quickSearch":1,"filterable":1,"ext":"https://www.6080yy3.com/","jar":"./1105/fan-0616.txt"},
{"key":"csp_WoGG","name":"👽玩偶哥哥┃4K","type":3,"api":"csp_WoGG","searchable":1,"quickSearch":1,"filterable":1,"ext": "./token.txt$$$http://wogg.xyz/"},
{"key":"csp_DiDuan","name":"🔝低端┃SP","type":3,"api":"csp_Ddrk","searchable":1,"quickSearch":1,"filterable":1,"jar":"./1105/xo.txt"},
//{"key":"csp_sp_龙门影视","name":"龙门影视┃SP","type":3,"api":"csp_AppYsV2","searchable":1,"quickSearch":1,"filterable":1,"ext":"https://app.looo.top/lm_api.php/v1.vod","jar":"./1105/loamen_spider0403.jar;md5;0a05825c82a070067a97405320d1ac98"},
//{"key":"csp_xBPQ_真不卡影院","name":"真不卡影院┃XBPQ","type":3,"api":"csp_xBPQ","m3u8ads": "hd.youyhn.com","searchable":1,"quickSearch":1,"filterable":0,"ext":"./1105/真不卡影院.json"},
{"key": "csp_xb_zbk","name": "真不卡影院┃XBiu","type": 3,"api": "csp_XBiu","searchable": 1,"quickSearch":1,"filterable":1,"ext":"https://www.zbkk.net/vodshow/{cateId}--------{catePg}---.html"},
//{"key":"真不卡影院","name":"真不卡影院┃XBPQ","type":3,"api":"csp_XBPQ","searchable":1,"quickSearch":1,"filterable":1,"ext":"./1105/真不卡影院.json","jar":"./1105/panda230320.jar;md5;af94cc4d3c30f6cee8b8b20e7b70a0bc"},
{"key": "csp_XYQHiker_爱看影视","name": "🌸爱看影视┃XYQH","type": 3,"api": "csp_XYQHiker","searchable":1,"quickSearch":1,"filterable":1,"ext": "./1105/爱看影视.json","jar":"./1105/spider.jar;md5;e911ef9b3f3c5101a90cdfd022f566f0"},
//{"key":"csp_xBPQ_爱看","name":"🌸爱看┃XBPQ","type":3,"api":"csp_xBPQ","m3u8ads": "hd.youyhn.com","searchable":1,"quickSearch":1,"filterable":0,"ext":"./1105/爱看影视.json"},
{"key":"百影视频","name":"百影视频┃SP","type":3,"api":"csp_MianHua","searchable":1,"playerType":2,"quickSearch":1,"filterable":0,"ext":"https://api.haokantj.com","jar":"./1105/fix0516.jar;md5;4c6366c0605d544297ee621109eb36a4"},
//{"key":"百影视频","name":"百影视频┃SP","type":3,"api":"csp_MianHua","m3u8ads": "hd.youyhn.com","searchable":1,"playerType":2,"quickSearch":1,"filterable":0,"ext":"http://47.104.99.175","jar":"./1105/apple1222.jar;md5;5a1c7c3f443667d69838a1adad3c977b"},
//{"key":"drpy_js_Alist","name":"🅿Alist合集┃网盘过滤","type":3,"api":"./1105/apiv817alist.min.js","ext":"./1105/Alist1.json","jar":"./1105/ali.jar"},
//{"key":"csp_FanYY","name":"🅰️剥饭┃4K","type":3,"api":"csp_FanYY","searchable":1,"quickSearch":1,"filterable":1,"ext": "./token.txt"},
{"key":"csp_Auete","name":"🏝Auete┃SP","type":3,"api":"csp_Auete","searchable":1,"quickSearch":1,"filterable":1,"jar":"./1105/uyv0t678c488189af47bb91dc108484d17431.jar;md5;09baf4a03d362d96f0fc14085c343191"},
//{"key":"csp_LibVio","name":"🌟LibVio┃SP","type":3,"api":"csp_Lib","searchable":1,"playerType":2,"quickSearch":1,"filterable":0,"jar":"./1105/fix0511.jar;md5;6847077f896f53976496662c3836f349"},
{"key":"csp_Lib","name": "🌟LibVio┃SP","type": 3,"api": "csp_Libvio","searchable": 1,"quickSearch": 1,"filterable": 1,"ext":"https://tv.libvio.cc/","jar":"./1105/fan-0616.txt"},
{"key":"csp_Cokemv","name":"📕Cokemv┃SP","type":3,"api":"csp_Cokemv","playerType":1,"m3u8ads": "hd.youyhn.com","searchable":1,"quickSearch":1,"filterable":1},
{"key":"csp_Czsapp","name":"📔厂长┃SP","type":3,"api":"csp_Czsapp","playerType":2,"searchable":1,"quickSearch":1,"filterable":1,"jar":"./1105/fan-0510.jar;md5;528559dc26fc8138875e8bf32f670cac"},
{"key": "js豆瓣","name": "🅱豆瓣┃JS首页","type": 3,"api": "./1105/apiv993drpy.min.js","ext": "./1105/drpy.js","m3u8ads": "hd.youyhn.com","searchable": 0,"quickSearch": 0,"filterable": 1},
//{"key": "csp_sp_龙门影视","name": "龙门影视┃SP","type": 3,"api": "csp_AppYsV2","searchable": 1,"quickSearch": 1,"filterable": 1,"ext": "http://dy.hm.iqinu.com:88/lm_api.php/v1.vod","jar":"./1105/loamen_spider0403.jar;md5;0a05825c82a070067a97405320d1ac98"},
{"key": "cps_xp_骚火电影","name": "骚火电影┃SP","type": 3,"api": "csp_XBiubiu","m3u8ads": "hd.youyhn.com","searchable": 1,"quickSearch": 1,"filterable": 0,"ext": "./1105/骚火电影.json","jar":"./1105/loamen_spider.jar;md5;57c09f96de572de534071e2d892d6e3a"},
{"key":"csp_Alist1","name":"🅿Alist┃网盘过滤","type":3,"api":"csp_AList","searchable":1,"quickSearch":0,"filterable":0,"changeable":0,"ext":"./1105/alist.json","jar":"./1105/fan-0519.txt"},
{"key": "比特影视","name": "💰比特影视┃SP","type": 3,"api": "csp_XPath","m3u8ads": "hd.youyhn.com","searchable": 0,"quickSearch": 0,"filterable": 0,"ext": "./1105/比特影视.json"},
{"key":"csp_Bd","name":"💥哔嘀影视┃SP","type":3,"api":"csp_Bdys01","playerType":1,"searchable":1,"quickSearch":1,"filterable":1,"jar":"./1105/fty0321.jar;md5;af94cc4d3c30f6cee8b8b20e7b70a0bc"},
//"ext": "./1105/token.txt",},
{"key":"dr_ddys","name":"低端影视┃(DRPY)","type":3,"api":"./1105/apiv1169drpy2.min.js","searchable":2,"quickSearch":0,"filterable":0,"ext":"./1105/ddys.js"},
//{"key":"csp_Czsapp","name":"📔厂长┃SP","type":3,"api":"csp_Czsapp","m3u8ads":"hd.youyhn.com","playerType":2,"searchable":1,"quickSearch":1,"filterable":1,"jar":"./1105/fty0321.jar;md5;af94cc4d3c30f6cee8b8b20e7b70a0bc"},
{"key":"csp_Ysgc","name":"🏭工厂┃SP","type":3,"api":"csp_Ysgc","m3u8ads": "hd.youyhn.com","searchable":1,"quickSearch":1,"filterable":1,"jar":"./1105/xo.txt"},
{"key": "在线之家","name": "📗在线┃SP","type": 3,"api": "csp_Zxzj","m3u8ads": "hd.youyhn.com","searchable": 1,"quickSearch": 1,"filterable": 1,"jar":"./1105/cc.jar;md5;8912c907f7381dd4e39802637b71f2e5"},
{"key": "csp_SP293","name": "🎲293影视|SP","type": 3,"api": "csp_SP293","m3u8ads": "hd.youyhn.com","searchable": 1,"quickSearch": 1,"filterable": 1,"jar": "./1105/custom.png"},
{"key":"csp_kuaikan","name":"👀快看┃SP","type":3,"api":"csp_Kuaikan","playerType":1,"m3u8ads": "hd.youyhn.com","searchable":1,"quickSearch":1,"filterable":1},
{"key": "极速资源gs","name": "👁‍🗨极速资源gs┃SP","type": 1,"api": "https://api.guangsuapi.com/api.php/provide/vod/from/gsm3u8/?ac=list","m3u8ads": "hd.youyhn.com","searchable": 1,"quickSearch": 1,"filterable": 1,"categories": [ "动作片", "爱情片", "科幻片", "战争片", "剧情片", "恐怖片", "喜剧片", "大陆剧", "港澳剧", "台湾剧", "欧美剧", "动漫电影", "韩剧", "日剧", "泰剧"]},
{"key": "极速资源xl","name": "👁‍🗨极速资源xl┃SP","type": 1,"api": "https://api.xinlangapi.com/xinlangapi.php/provide/vod/from/xlm3u8/?ac=list","m3u8ads": "hd.youyhn.com","searchable": 1,"quickSearch": 1,"filterable": 1,"categories": ["动作片","爱情片","科幻片","战争片","剧情片","恐怖片","喜剧片","大陆剧","港澳剧","台湾剧","欧美剧","动漫电影","韩剧","日剧","泰剧"]},
//{"key":"Gitcafe","name":"📜小纸条┃云盘","type":3,"api":"csp_Gitcafe","playerType":1,"searchable":1,"quickSearch":1,"filterable":1,"ext": "./token.txt"},
//{"key": "csp_Paper","name":"🗒小纸条┃纯影视","type": 3,"api": "csp_Paper","playerType": 1,"m3u8ads": "hd.youyhn.com","searchable": 1,"quickSearch": 1,"filterable": 1,"changeable": 0,"ext": "./token.txt"},
//{"key":"csp_GitCafe","name":"📜小纸条┃云盘","type":3,"api":"csp_Gitcafe","playerType":1,"m3u8ads": "hd.youyhn.com","searchable":1,"quickSearch":1,"filterable":1,"ext": "./token.txt"},
//{"key": "紙條","name": "🗒小纸条┃纯影视","type": 3,"api": "csp_Paper","m3u8ads": "hd.youyhn.com","searchable": 1,"filterable": 1,"ext": "./token.txt"},
//"ext": "./1105/token.txt",
//"ext": "http://ali.饭太硬.ml/token",
//"ext": "./1105/token.txt",
//"ext": "./1105/token.txt",
//"ext": "./1105/token.txt",
//"ext": "./1105/token.txt",
//"ext": "./1105/token.txt",
{"key":"csp_biubiu_ting","name":"🎧听书网（无画面）","type":3,"api":"csp_XBiubiu","m3u8ads": "hd.youyhn.com","searchable":1,"quickSearch":1,"filterable":0,"ext":"./1105/听书网.json"},
//{"key":"Tbook","name":"🌿听书网","type":3,"api":"csp_Dora","m3u8ads": "hd.youyhn.com","searchable":1,"quickSearch":1,"filterable":1,"ext":"d16d1517e9eaad9909cb35c55ba0b784","jar":"./1105/custom_spider.txt"},
{"key": "dr_蜻蜓FM","name": "蜻蜓FM(drpy)","type":3,"api":"./1105/apiv1647drpy.min.js","searchable":2,"quickSearch":0,"filterable":0,"ext":"./1105/蜻蜓FM.js"},

//{"key":"七夜","name":"😾七夜┃搜4K","type":3,"api":"csp_Dovx","searchable":1,"quickSearch":1,"filterable":0,"changeable":0,"ext": "./token.txt"},
//{"key":"TuGou","name":"😿土狗┃搜4K","type":3,"api":"csp_TuGou","searchable":1,"quickSearch":1,"changeable":0,"ext": "./token.txt"},
//"key": "土狗","name": "😿土狗┃搜4K","type": 3,"api": "csp_TuGou","searchable": 1,"changeable": 0,"ext": "./token.txt"},
{"key": "Gitcafe","name": "📀小纸条(搜索)","type": 3,"api": "csp_Gitcafe","playerType": 1,"searchable": 1,"quickSearch": 1,"filterable": 1,"ext": "./token.txt"},
{"key":"YiSo","name":"😹易搜┃索搜4K","type":3,"api":"csp_YiSo","playerType":1,"searchable":1,"quickSearch":1,"filterable":0,"changeable":0,"ext": "./token.txt"},
{"key":"Zhaozy","name":"🐺找资源┃搜4K","type":3,"api":"csp_Zhaozy","playerType":1,"quickSearch":0,"filterable":0,"changeable":0,"ext": "./token.txt$$$yunshuche$$$11223344"},
{"key":"PanSou","name":"🦊盘搜┃搜4K","type":3,"api":"csp_PanSou","playerType":1,"searchable":1,"quickSearch":1,"filterable":0,"changeable":0,"ext": "./token.txt"},
{"key":"UpYun","name":"😻Up搜┃搜4K","type":3,"api":"csp_UpYun","playerType":1,"searchable":1,"quickSearch":1,"filterable":0,"changeable":0,"ext": "./token.txt"},
{"key":"PanSearch","name":"🙀盘Search┃4k","type":3,"api":"csp_PanSearch","searchable":1,"quickSearch":1,"filterable":0,"ext": "./token.txt"},
{"key":"push_agent","name":"🛴手机┃推送","type":3,"api":"csp_Push","searchable":0,"quickSearch":0,"filterable":0,"ext": "./token.txt"},

//{"key":"ASMR","name":"ASMR(优)","type":1,"api":"http://www.asmr19.in/api.php/provide/vod/","searchable":0,"quickSearch":0},
//{"key":"Yisou","name":"😹易搜┃搜索","type":3,"api":"csp_Yisou","playerType":1,"m3u8ads": "hd.youyhn.com","searchable":1,"quickSearch":1,"filterable":0,"ext": "./token.txt"},
//{"key":"Zhaozy","name":"🐺找资源┃搜索","type":3,"api":"csp_Zhaozy","playerType":1,"m3u8ads": "hd.youyhn.com","searchable":1,"quickSearch":1,"filterable":0,"ext": "./token.txt$$$yunshuche$$$11223344"},
//121.205.88.71{"key":"Upyunso","name":"😻Up云搜┃搜索","type":3,"api":"csp_Upyunso","playerType":1,"m3u8ads": "hd.youyhn.com","searchable":1,"quickSearch":1,"filterable":0,"ext": "./token.txt"},
//{"key":"Alips","name":"🦊Ali盘搜┃搜索","type":3,"api":"csp_AliPS","playerType":1,"m3u8ads": "hd.youyhn.com","searchable":1,"quickSearch":1,"filterable":0,"ext": "./token.txt"},
//{"key":"push_agent","name":"手机推送┃云盘|磁力","type":3,"api":"csp_PushAgent","playerType":1,"m3u8ads": "hd.youyhn.com","searchable":0,"quickSearch":0,"filterable":0,"ext": "./token.txt"},
{"key":"csp_Nmys","name":"🌾农民┃SP","type":3,"api":"csp_Nmys","m3u8ads": "hd.youyhn.com","searchable":1,"quickSearch":1,"filterable":1,"ext":"./1105/nmys.json"},
{"key":"csp_Lgyy","name":"🌀蓝光┃SP","type":3,"api":"csp_Lgyy","m3u8ads": "hd.youyhn.com","searchable":1,"quickSearch":1,"filterable":1},
{"key":"csp_fant","name":"🍙饭团┃SP","api":"csp_Fantuan","type":3,"filterable":1,"quickSearch":1,"m3u8ads": "hd.youyhn.com","searchable":1},
{"key":"csp_Zjdr","name":"👓追剧┃SP","type":3,"api":"csp_Zjdr","m3u8ads": "hd.youyhn.com","searchable":1,"quickSearch":1,"filterable":1},
{"key":"csp_Bttoo","name":"✌2BT┃SP","type":3,"api":"csp_Bttoo","m3u8ads": "hd.youyhn.com","searchable":1,"quickSearch":1,"filterable":1},
{"key":"csp_ny","name":"🐮念影┃SP","type":3,"api":"csp_Nianying","m3u8ads": "hd.youyhn.com","searchable":1,"quickSearch":1,"filterable":1},
{"key":"csp_apple","name":"🍎苹果┃SP","type":3,"api":"csp_LiteApple","playerType":1,"m3u8ads": "hd.youyhn.com","searchable":1,"quickSearch":1,"filterable":1},
{"key":"csp_77","name":"👒七七┃SP","type":3,"api":"csp_Kunyu77","m3u8ads": "hd.youyhn.com","searchable":1,"quickSearch":1,"filterable":1},
{"key":"csp_Dy1010","name":"❤️双十┃SP","type":3,"api":"csp_Dy1010","m3u8ads": "hd.youyhn.com","searchable":1,"quickSearch":1,"filterable":1},
{"key":"csp_Smdyy","name": "🐴神马┃SP","type": 3,"api": "csp_Smdyy","m3u8ads": "hd.youyhn.com","searchable": 1,"quickSearch": 1,"filterable": 1},
{"key":"csp_Nkdy","name":"🗽南柯┃SP","type":3,"api":"csp_Nkdy","m3u8ads": "hd.youyhn.com","searchable":1,"quickSearch":1,"filterable":1},
{"key":"csp_Tkys","name": "🔃天空┃SP","type": 3,"api": "csp_Tkys","m3u8ads": "hd.youyhn.com","searchable": 1,"quickSearch": 1,"filterable": 1},
{"key":"csp_Xxys","name":"🐻小熊┃SP","type":3,"api":"csp_Xxys","m3u8ads": "hd.youyhn.com","searchable":1,"quickSearch":1,"filterable":1},
{"key":"csp_SP360","name":"📺360┃SP","type":3,"api":"csp_SP360","m3u8ads": "hd.youyhn.com","searchable":1,"quickSearch":1,"filterable":1},
{"key":"csp_555","name":"5️⃣️555┃SP","type":3,"api":"csp_Dy555","m3u8ads": "hd.youyhn.com","searchable":1,"quickSearch":1,"filterable":1},
{"key":"csp_ZJMiao","name":"🐼追剧喵┃SP","type":3,"api":"csp_ZJMiao","m3u8ads": "hd.youyhn.com","searchable":1,"quickSearch":1,"filterable":1},
{"key":"csp_Mjxq","name":"🌏美剧星球┃SP","type":3,"api":"csp_Mjxq","m3u8ads": "hd.youyhn.com","searchable":1,"quickSearch":1,"filterable":1},
{"key":"csp_Yj1211","name":"📽️网红直播┃SP","type": 3,"api": "csp_Yj1211","m3u8ads": "hd.youyhn.com","searchable": 1,"quickSearch": 1,"filterable": 1},
{"key":"csp_Dm84","name":"🚌动漫巴士┃SP","type":3,"api":"csp_Dm84","m3u8ads": "hd.youyhn.com","searchable":1,"quickSearch":1,"filterable":1},
{"key":"csp_Anime1","name":"🌸日本动漫┃SP","type": 3,"api": "csp_Anime1","m3u8ads": "hd.youyhn.com","searchable": 1,"quickSearch": 1,"filterable": 1},
{"key":"csp_Anfuns","name":"🎀Anfuns┃SP","type":3,"api":"csp_Anfuns","m3u8ads": "hd.youyhn.com","searchable":1,"quickSearch":1,"filterable":1},
{"key":"csp_trj","name": "🛫唐人街┃墙外","type": 3,"api": "csp_Tangrenjie","m3u8ads": "hd.youyhn.com","searchable": 1,"quickSearch": 1,"filterable": 1},
//{"key":"csp_Nbys","name":"🛫泥视频┃墙外","type":3,"api":"csp_Nbys","m3u8ads": "hd.youyhn.com","searchable":1,"quickSearch":1,"filterable":1},
{"key": "csp_Nbys","name": "🛫泥巴┃墙外","type": 3,"api": "csp_NiNi","searchable": 1,"quickSearch": 1,"filterable": 1,"jar":"./1105/6lbj268a1eea22863420a86ab468eb9fbc4f5.jar;md5;f3687d6e511a73caf72f4757a04518b2"},
{"key":"csp_If101","name":"🛫If101┃墙外","type":3,"api":"csp_If101","m3u8ads": "hd.youyhn.com","searchable":1,"quickSearch":1,"filterable":1},
{"key":"csp_Xiaoh","name":"🛫小 宝┃墙外","type":3,"api":"csp_Xiaoh","m3u8ads": "hd.youyhn.com","searchable":1,"quickSearch":1,"filterable":1},	
{"key":"csp_xBPQ_不卡","name":"🍀不卡","type":3,"api":"csp_xBPQ","m3u8ads": "hd.youyhn.com","searchable":1,"quickSearch":1,"filterable":0,"ext":"./1105/不卡.json"},
{"key":"csp_xBPQ_98","name":"🍀98影","type":3,"api":"csp_xBPQ","m3u8ads": "hd.youyhn.com","searchable":1,"quickSearch":1,"filterable":0,"ext":"./1105/98影院.json"},
{"key":"csp_xBPQ_极品","name":"🍀极品","type":3,"api":"csp_xBPQ","m3u8ads": "hd.youyhn.com","searchable":1,"quickSearch":1,"filterable":0,"ext":"./1105/极品.json"},	
{"key":"csp_xBPQ_cs","name":"️🍀FREE","type":3,"api":"csp_xBPQ","m3u8ads": "hd.youyhn.com","searchable":1,"quickSearch":1,"filterable":0,"ext":"./1105/freeok.json"},
{"key":"csp_xBPQ_爱酷","name":"🍀爱酷","type":3,"api":"csp_xBPQ","m3u8ads": "hd.youyhn.com","searchable":1,"quickSearch":1,"filterable":0,"ext":"./1105/爱酷.json"},
{"key":"csp_xBPQ_鸭奈飞","name":"🍀鸭奈飞","type":3,"api":"csp_xBPQ","m3u8ads": "hd.youyhn.com","searchable":1,"quickSearch":1,"filterable":0,"ext":"./1105/鸭奈飞.json"},
{"key":"csp_xBPQ_干饭","name":"🍀干饭","type":3,"api":"csp_xBPQ","m3u8ads": "hd.youyhn.com","searchable":1,"quickSearch":1,"filterable":0,"ext":"./1105/干饭.json"},
{"key":"csp_xBPQ_番茄","name":"🍀番茄","type":3,"api":"csp_xBPQ","m3u8ads": "hd.youyhn.com","searchable":1,"quickSearch":1,"filterable":0,"ext":"./1105/番茄.json"},	
{"key":"csp_xBPQ_瓜皮TV","name":"🍀瓜皮","type":3,"api":"csp_xBPQ","m3u8ads": "hd.youyhn.com","searchable":1,"quickSearch":1,"filterable":0,"ext":"./1105/瓜皮.json"},	
{"key":"csp_xBPQ_子子","name":"🍀子子","type":3,"api":"csp_xBPQ","m3u8ads": "hd.youyhn.com","searchable":1,"quickSearch":1,"filterable":0,"ext":"./1105/子子影视.json"},
{"key":"csp_XYQBiu_万能影院","name":"🍀万能","type": 3,"api": "csp_XYQBiu","m3u8ads": "hd.youyhn.com","searchable": 1,"quickSearch": 1,"filterable": 1,"ext": "./1105/万能影院.json"},
{"key":"csp_XYQBiu_大米星球","name":"🍀大米","type":3,"api":"csp_XYQBiu","m3u8ads": "hd.youyhn.com","searchable":1,"quickSearch":1,"filterable":1,"ext":"./1105/大米星球.json"},
{"key":"csp_app_gotka","name":"🐌速播影视","type":3,"api":"csp_AppYsV2","m3u8ads": "hd.youyhn.com","searchable":1,"quickSearch":1,"filterable":1,"ext":"http://mkk.gotka.top/api.php/v1.vod"},
{"key":"csp_app_独优影视","name":"🐌独优影视","type":3,"api":"csp_AppYsV2","m3u8ads": "hd.youyhn.com","searchable":1,"quickSearch":1,"filterable":1,"ext":"http://121.205.88.71:218/api.php/Chengcheng/vod/"},
{"key":"csp_app_小鸟动漫","name":"🐌小鸟动漫","type":3,"api":"csp_AppYsV2","m3u8ads": "hd.youyhn.com","searchable":1,"quickSearch":1,"filterable":1,"ext":"http://xydm.baicai.buzz/mogai_api.php/v1.vod"},	
{"key":"csp_xbb_剧白白","name":"🍀剧白白","type":3,"api":"csp_XBiubiu","m3u8ads": "hd.youyhn.com","searchable":1,"quickSearch":1,"filterable":0,"ext":"./1105/剧白白-蓝光.json"},
{"key":"csp_xbb_voflix","name":"🍀Voflix HD","type":3,"api":"csp_XBiubiu","m3u8ads": "hd.youyhn.com","searchable":1,"quickSearch":1,"filterable":0,"ext":"./1105/voflix.json"},
{"key":"csp_xbb_金眼影视","name":"🍀金眼影视","type":3,"api":"csp_XBiubiu","m3u8ads": "hd.youyhn.com","searchable":1,"quickSearch":1,"filterable":0,"ext":"./1105/金眼影视.json"},
{"key":"csp_xbb_奈菲影院","name":"🍀奈菲影院","type":3,"api":"csp_XBiubiu","m3u8ads": "hd.youyhn.com","searchable":1,"quickSearch":1,"filterable":0,"ext":"./1105/奈菲影院.json"},
{"key":"csp_xbb_VIP1280","name":"🍀VIP1280","type":3,"api":"csp_XBiubiu","m3u8ads": "hd.youyhn.com","searchable":1,"quickSearch":1,"filterable":0,"ext":"./1105/VIP1280.json"},
{"key":"csp_xbb_骚火VIP","name":"🍀骚火VIP","type":3,"api":"csp_XBiubiu","m3u8ads": "hd.youyhn.com","searchable":1,"quickSearch":1,"filterable":0,"ext":"./1105/shdy.json"},
{"key":"csp_xbb_视中心影院","name":"🍀视中心影院","type":3,"api":"csp_XBiubiu","m3u8ads": "hd.youyhn.com","searchable":1,"quickSearch":1,"filterable":0,"ext":"./1105/视中心影院.json"},
{"key":"csp_xbb_稀饭影视","name":"🍀稀饭影视","type":3,"api":"csp_XBiubiu","m3u8ads": "hd.youyhn.com","searchable":1,"quickSearch":1,"filterable":0,"ext":"./1105/稀饭影视.json"},
{"key":"csp_xbb_韩剧佬","name":"🍀韩剧佬","type":3,"api":"csp_XBiubiu","m3u8ads": "hd.youyhn.com","searchable":1,"quickSearch":1,"filterable":0,"ext":"./1105/韩剧佬.json"},  
{"key":"csp_xp_6d","name":"💢六度TV","type":3,"api":"csp_XPathFilter","m3u8ads": "hd.youyhn.com","searchable":1,"quickSearch":1,"filterable":1,"ext":"./1105/6d.json"},
{"key":"csp_xp_348z","name":"💢348电影","type":3,"api":"csp_XPathFilter","m3u8ads": "hd.youyhn.com","searchable":1,"quickSearch":1,"filterable":1,"ext":"./1105/348z.json"},
{"key":"csp_xp_dmw","name":"💢动漫岛","type":3,"api":"csp_XPathMacFilter","m3u8ads": "hd.youyhn.com","searchable":1,"quickSearch":1,"filterable":1,"ext":"./1105/dmw.json"},
{"key":"csp_xp_gongreng","name":"💢工人影视","type":3,"api":"csp_XPathMacFilter","m3u8ads": "hd.youyhn.com","searchable":1,"quickSearch":1,"filterable":1,"ext":"./1105/gongreng.json"},
{"key":"csp_xp_doujiao","name":"💢豆角影视","type": 3,"api": "csp_XPath3","m3u8ads": "hd.youyhn.com","searchable": 1,"quickSearch": 1,"filterable": 1,"ext": "./1105/doujiao.json"},
{"key":"csp_xp_mozhatu","name":"💢莫扎兔","type":3,"api":"csp_XPath3","m3u8ads": "hd.youyhn.com","searchable":1,"quickSearch":1,"filterable":1,"ext":"./1105/mozhatu.json"},
{"key":"csp_xp_yingba","name":"💢电影吧","type":3,"api":"csp_XPath3","m3u8ads": "hd.youyhn.com","searchable":1,"quickSearch":1,"filterable":1,"ext":"./1105/yingba.json"}
],
//解析设置
"parses":[
{"name":"解析聚合","type":3,"url":"Demo"},
{"name":"Web解析聚合","type":3,"url":"Web"},
{"name":"Json并发","type":2,"url":"Parallel"},
{"name":"Json轮询","type":2,"url":"Sequence"},
{"name": "测试","type": 1,"url": "https://json.xn--9kq078cdn3a.cc/api/?key=3a307b18026646ddc3fb968aaf484598&url="},
{"name": "1号线","type": 1,"url": "http://www.pandown.pro/app/tkys/tkysjx.php?url="},		
{"name": "2号线","type": 1,"url": "http://jx.xdv.icu/api/?key=E55lCKr0ZJ5kMWpyd5&url="},	
{"name": "3号线","type": 0,"url": "https://www.pangujiexi.com/pangu/?url="},
{"name": "4号线","type": 0,"url": "https://lan.ccabc.cc/ts/m3u8.php?url="},	
{"name": "5号线","type": 0,"url": "https://jx.xmflv.com/?url=","ext": {"flag": ["qq","腾讯","qiyi","iqiyi","爱奇艺","奇艺","youku","优酷","mgtv","芒果","letv","乐视","pptv","PPTV","sohu","bilibili","哔哩哔哩","哔哩"]}},		
{"name": "6号线","type": 0,"url": "https://api.jiexi.la/?url=","ext": {"flag": ["qq","腾讯","qiyi","iqiyi","爱奇艺","奇艺","youku","优酷","mgtv","芒果","letv","乐视","pptv","PPTV","sohu","bilibili","哔哩哔哩","哔哩"]}},
{"name": "7号线","type": 0,"url": "https://www.nxflv.com/?url="},	
{"name": "8号线","type": 0,"url": "https://jx.bozrc.com:4433/player/?url="},
{"name": "9号线","type": 0,"url": "https://www.ckmov.com/?url=","ext": {"flag": ["qq","腾讯","qiyi","iqiyi","爱奇艺","奇艺","youku","优酷","mgtv","芒果","letv","乐视","pptv","PPTV","sohu","bilibili","哔哩哔哩","哔哩"]}},
{"name": "10号线","type": 0,"url": "http://jiexi.parses.repl.co/api.php?url="},
{"name": "11号线","type": 0,"url": "https://jx.ccabc.cc/byg/?url="},
{"name": "12号线","type": 0,"url": "https://jx.zhanlangbu.com/?url=","ext": {"header": {"User-Agent": "okhttp/4.1.0"},"flag": ["qq","腾讯","qiyi","爱奇艺","奇艺","youku","优酷","mgtv","芒果","letv","乐视","pptv","PPTV","sohu","bilibili","哔哩哔哩","哔哩"]}},
{"name": "13号线","type": 0,"url": "http://lanlan.ckflv.cn/?url=","ext": {"flag": ["qiyi","qq","letv","sohu","youku","mgtv","bilibili","wasu","xigua","1905"]}},
{"name": "14号线","type": 0,"url": "https://okjx.cc/?url="},
{"name": "15号线","type": 0,"url": "http://jx.ivito.cn/?url="},
{"name": "16号线","type": 0,"url": "https://dm.xbqgx.com/?url="},
{"name": "17号线","type": 0,"url": "https://vip.bljiex.com/?v="},
{"name": "18号线","type": 0,"url": "http://pandown.pro/app/ysmjx.php?url=","ext": {"flag": ["qq","腾讯","qiyi","爱奇艺","奇艺","youku","优酷","mgtv","芒果","letv","乐视","pptv","PPTV","sohu","bilibili","哔哩哔哩","哔哩"],"header": {"User-Agent": "okhttp/4.1.0"}}},
{"name":"777","type":0,"url":"https://jx.777jiexi.com/player/?url="},
{"name":"杰森","type":0,"url":"https://jx.jsonplayer.com/player/?url="}, 
{"name":"战狼","type":0,"url":"https://jx.zhanlangbu.com/?url="},
{"name":"ok","type":0,"url":"https://okjx.cc/?url="},
{"name":"bozrc","type":0,"url":"https://jx.bozrc.com:4433/player/?url=","ext":{"flag":["qq","腾讯","qiyi","爱奇艺","奇艺","youku","优酷","mgtv","芒果","letv","leshi","LS","pptv","PPTV","sohu","bilibili","哔哩哔哩","哔哩"],"header":{"User-Agent":""}}},
{"name":"不累","type":0,"url":"https://blbfq.f3322.net/player/analysis.php?v=","ext":{"flag":["qiyi","qq","letv","sohu","youku","mgtv","bilibili","wasu","xigua","1905"]}},
{"name":"cod","type":0,"url":"https://ksksl.codjx.com/?url="},
{"name":"byg解析","type":0,"url":"https://byg.ziqj5.shop/?url="},
{"name":"xmflv","type":0,"url":"https://jx.xmflv.com/?url="},
{"name":"365","type":0,"url":"https://chaxun.truechat365.com/?url=","ext":{"flag":["qq","腾讯","qiyi","iqiyi","爱奇艺","奇艺","youku","优酷","mgtv","芒果","letv","乐视","pptv","PPTV","sohu","bilibili","哔哩哔哩","哔哩"]}},
{"name":"26db","type":0,"url":"http://vip.26db.cn/g/?url="},
{"name":"看看","type":0,"url":"https://jx.m3u8.pw/?url="},
{"name":"FreeOK","type":0,"url":"https://play.86516.tk/OKPlayer/?url="},
{"name":"free","type":0,"url":"https://h5.freejson.xyz/player/?url="}],

"flags": ["youku","qq","QQ","iqiyi","qiyi","letv","sohu","tudou","pptv","PPTV","mgtv","ltnb","rx","SLYS4k","BYGA","luanzi","dxzy","QEYSS","aliyun","AliS","122","chuangying","CL4K","xfyun","wuduzy","wasu","bilibili","renrenmi","xmm","xigua","m1905","funshion","优酷","芒果","腾讯","爱奇艺","奇艺","哔哩哔哩","哔哩","西瓜视频","腾讯视频","奇艺视频","优酷视频","芒果视频","乐视视频"],

"rules": [
{"host":"*","rule":["default.365yg.com"]},
{"host":"dyxs20.com","rule":[".m3u8"]},
{"host":"www.agemys.cc","rule":["cdn-tos","obj/tos-cn"]},
{"host":"www.sharenice.net","rule":["http.*?/play.{0,3}\\?[^url]{2,8}=.*"]},
{"host":"www.sharenice.net","rule":["qianpailive.com","vid="]},
{"host":"*","rule":["douyin.com/aweme","video_id="]},
{"host":"*","rule":["huoshan.com","/item/video/"]},
{"host":"*","rule":["http((?!http).){12,}?\\.(m3u8|mp4|flv|avi|mkv|rm|wmv|mpg|m4a)\\?.*"]},
{"host":"*","rule":["http((?!http).){12,}\\.(m3u8|mp4|flv|avi|mkv|rm|wmv|mpg|m4a)"]},
{"host":"*", "rule":["douyinvod.com", "/video/tos/cn/"]},
{"host":"*", "rule":["default.365yg.com", "/video/tos/cn/"]},
{"host":"*", "rule":["aliyundrive.net", "response-content-disposition=", ".m3u8"]},
{"host":"*", "rule":["aliyundrive.net", "response-content-disposition=", ".mp4"]},
{"host":"*", "rule":["aliyundrive.net", "response-content-disposition=", ".mkv"]},
{"host":"*", "rule":["/m3u8.php?path=", ".m3u8"]},
{"host":"*", "rule":["/API.php?time=", "key=", "path=", ".m3u8"]},
{"host":"*", "rule":["oss-cn-m3u8", "myqcloud.com.zh188.net", "?url=", ".m3u8"]},
{"host":"www.007ts.me", "rule":["hls.pchj.net", ".m3u8"]}],

"ijk": [
{"group": "软解码",
"options": [
{"category":4,"name":"opensles","value":"0"},
{"category":4,"name":"overlay-format","value":"842225234"},
{"category":4,"name":"framedrop","value":"1"},
{"category":4,"name":"soundtouch","value":"1"},
{"category":4,"name":"start-on-prepared","value":"1"},
{"category":1,"name":"http-detect-range-support","value":"0"},
{"category":1,"name":"fflags","value": "fastseek"},
{"category":2,"name":"skip_loop_filter","value":"48"},
{"category":4,"name":"reconnect","value":"1"},
{"category": 4,"name": "enable-accurate-seek","value": "0"},
{"category": 4,"name": "mediacodec","value": "0"},
{"category": 4,"name": "mediacodec-auto-rotate","value": "0"},
{"category": 4,"name": "mediacodec-handle-resolution-change","value": "0"},
{"category": 4,"name": "mediacodec-hevc","value": "0"},
{"category": 1,"name": "dns_cache_timeout","value": "600000000"}]},

{"group": "硬解码",
"options": [
{"category": 4,"name": "opensles","value": "0"},
{"category": 4,"name": "overlay-format","value": "842225234"  },
{"category": 4,"name": "framedrop","value": "1"  },
{"category": 4,"name": "soundtouch","value": "1"},
{"category": 4,"name": "start-on-prepared","value": "1"},
{"category": 1,"name": "http-detect-range-support","value": "0"},
{"category": 1,"name": "fflags","value": "fastseek"},
{"category": 2,"name": "skip_loop_filter","value": "48"},
{"category": 4,"name": "reconnect","value": "1"},
{"category": 4,"name": "enable-accurate-seek","value": "0"},
{"category": 4,"name": "mediacodec","value": "1"},{"category": 4,"name": "mediacodec-auto-rotate","value": "1"},
{"category": 4,"name": "mediacodec-handle-resolution-change","value": "1"},
{"category": 4,"name": "mediacodec-hevc","value": "1"},
{"category": 1,"name": "dns_cache_timeout","value": "600000000"}]}
],
"ads": [
  "https://lf1-cdn-tos.bytegoofy.com/obj/tos-cn-i-dy/455ccf9e8ae744378118e4bd289288dd","mimg.0c1q0l.cn","www.googletagmanager.com","www.google-analytics.com","mc.usihnbcq.cn","mg.g1mm3d.cn","mscs.svaeuzh.cn","cnzz.hhttm.top","tp.vinuxhome.com","cnzz.mmstat.com","www.baihuillq.com","s23.cnzz.com","z3.cnzz.com","c.cnzz.com","stj.v1vo.top","z12.cnzz.com","img.mosflower.cn","tips.gamevvip.com","ehwe.yhdtns.com","xdn.cqqc3.com","www.jixunkyy.cn","sp.chemacid.cn","hm.baidu.com","s9.cnzz.com","z6.cnzz.com","um.cavuc.com","mav.mavuz.com","wofwk.aoidf3.com","z5.cnzz.com",
  "xc.hubeijieshikj.cn","tj.tianwenhu.com","xg.gars57.cn","k.jinxiuzhilv.com","cdn.bootcss.com","ppl.xunzhuo123.com","xomk.jiangjunmh.top",
  "img.xunzhuo123.com","z1.cnzz.com","s13.cnzz.com","xg.huataisangao.cn","z7.cnzz.com","xg.huataisangao.cn","z2.cnzz.com",
  "s96.cnzz.com","q11.cnzz.com","thy.dacedsfa.cn","xg.whsbpw.cn","s19.cnzz.com","z8.cnzz.com","s4.cnzz.com",
 "f5w.as12df.top","ae01.alicdn.com","www.92424.cn","k.wudejia.com","vivovip.mmszxc.top","qiu.xixiqiu.com","cdnjs.hnfenxun.com","cms.qdwght.com"
]
}