{
"spider":"./tv/Yoursmile.jar",

"lives":[{"name":"live","type":0,"url":"./tv/live.txt"}],

"sites":[
{"key":"csp_appys_如意4K","name":"如意影视","type":3,"api":"csp_AppYsV2","searchable":1,"quickSearch":1,"filterable":1,"ext":"http://cms.maoyingshi.cc/api.php/app/","playUrl":"json:https://jx.4kdv.com/?url="},
{"key":"csp_LiteApple","name":"小苹果","type":3,"api":"csp_LiteApple","searchable":1,"quickSearch":1,"filterable":1},
{"key": "飞云","name": "飞云","type": 3,"api": "csp_AppYsV2","playerType": 2,"ext": "http://www.lfytyl.com/api.php/app/"}, 
{"key":"58zy", "name":"58影视", "type":1,"api":"http://app.jdwei8.cn/api.php/provide/vod/","searchable":1, "quickSearch":1},
{"key":"csp_Kunyu77","name":"七七","type":3,"api":"csp_Kunyu77","searchable":1,"quickSearch":1,"filterable":1},
{"key":"csp_Zxzj","name":"在线之家","type":3,"api":"csp_Zxzj","searchable":1,"quickSearch":1,"filterable":1,"ext":"https://www.zxzj.pro/"},
{"key":"csp_WoGG","name":"玩偶哥哥","type":3,"api":"csp_WoGG","searchable":1,"quickSearch":1,"filterable":1,"changeable":0,"ext": "./token.txt$$$http://wogg.xyz/"},
{"key":"csp_AppTT","name":"图图影视","type":3,"api":"csp_AppTT","searchable":1,"quickSearch":1,"filterable":1,"ext":"U2c3aDRRb0xMQnpWVjRhY1NSSyNIdW8wTkVCZG91ZWw=$$$U3FYMms0cWJZR2kzbzZzWQ==$$$aHR0cDovL2FwaS50dDU4LnR2L2NvbmZpZy9uZXd0di5qc29uP3NzPQ=="},
{"key":"csp_YQKAPP","name":"一起看","type":3,"api":"csp_YQKAPP","playerType":2,"searchable":1,"quickSearch":1,"filterable":1,"ext":"https://api-aws.11ty.top"},
{"key":"落叶","name":"落叶影视","type":3,"api":"csp_AppYsV2","searchable":1,"quickSearch":1,"filterable":1,"ext":"http://xn--yeta099v.online:66/api.php/app/"},
{"key":"csp_Bttwoo","name":"两个BT","type":3,"api":"csp_Bttwoo","searchable":1,"quickSearch":1,"filterable":1},
{"key":"csp_Czsapp","name":"厂长资源","type":3,"api":"csp_Czsapp","searchable":1,"quickSearch":1,"filterable":1},
{"key":"奇优影院","name":"奇优影院","type":3,"api":"csp_XBPQ","searchable":1,"quickSearch":1,"filterable":1,"ext":"./tv/奇优影院.json"},
{"key":"csp_魔力","name":"魔力影视","type":3,"api":"csp_XBPQ","searchable":1,"quickSearch":1,"filterable":1,"ext":"./tv/魔力影视.json"},
{"key":"饭团","name":"饭团影视","type":3,"api":"csp_XBPQ","searchable":1,"quickSearch":1,"filterable":1,"ext":"./tv/饭团影视HD.json"},
{"key":"F7好看剧","name":"F7好看剧","type":3,"api":"csp_XBPQ","searchable":1,"quickSearch":1,"filterable":1,"ext":"./tv/F7好看剧.json"},
{"key":"app","name":"App影院","type":3,"api":"csp_XBPQ","searchable":1,"quickSearch":1,"filterable":1,"ext":"./tv/App.json"},	
{"key":"188影视","name":"188影视","type":3,"api":"csp_XBPQ","searchable":1,"quickSearch":1,"filterable":1,"ext":"./tv/188影视.json"},
{"key":"Cokemv","name":"Cokemv","type":3,"api":"csp_XBPQ","searchable":1,"quickSearch":1,"filterable":1,"ext":"./tv/Cokemv.json"},
{"key":"热播之家","name":"热播之家","type":3,"api":"csp_XBPQ","searchable":1,"quickSearch":1,"filterable":1,"ext":"./tv/热播之家.json"},
{"key":"淘剧鸭","name":"淘剧鸭","type":3,"api":"csp_XBPQ","searchable":1,"quickSearch":1,"filterable":1,"ext":"./tv/淘剧鸭.json"},
{"key":"电影先生","name":"电影先生","type":3,"api":"csp_XBPQ","searchable":1,"quickSearch":1,"filterable":1,"ext":"./tv/电影先生.json"},
{"key":"低端影视","name":"低端影视","type":3,"api":"csp_XBPQ","searchable":1,"quickSearch":1,"filterable":1,"ext":"./tv/低端影视.json"},
{"key":"TVB云播","name":"TVB云播","type":3,"api":"csp_XBPQ","searchable":1,"quickSearch":1,"filterable":1,"ext":"./tv/TVB云播.json"},
{"key":"快看影视","name":"快看影视","type":3,"api":"csp_XBPQ","searchable":1,"quickSearch":1,"filterable":1,"ext":"./tv/快看影视.json"},
{"key":"看了么","name":"看了么","type":3,"api":"csp_XBPQ","searchable":1,"quickSearch":1,"filterable":1,"ext":"./tv/看了么.json"},
{"key":"干饭影视","name":"干饭影视","type":3,"api":"csp_XBPQ","searchable":1,"quickSearch":1,"filterable":1,"ext":"./tv/干饭影视.json"},
{"key":"伊人追剧","name":"伊人追剧","type":3,"api":"csp_XBPQ","searchable":1,"quickSearch":1,"filterable":1,"ext":"./tv/伊人追剧.json"},
{"key":"八戒影院","name":"八戒影院","type":3,"api":"csp_XBPQ","searchable":1,"quickSearch":1,"filterable":1,"ext":"./tv/八戒影院.json"},
{"key":"小狗影院","name":"小狗影院","type":3,"api":"csp_XBPQ","searchable":1,"quickSearch":1,"filterable":1,"ext":"./tv/小狗影院.json"},
{"key":"全能影视","name":"全能影视","type":3,"api":"csp_XBPQ","searchable":1,"quickSearch":1,"filterable":1,"ext":"./tv/全能影视.json"},
{"key":"双十电影","name":"双十电影","type":3,"api":"csp_XBPQ","searchable":1,"quickSearch":1,"filterable":1,"ext":"./tv/双十电影.json"},
{"key":"兄弟影视","name":"兄弟影视","type":3,"api":"csp_XBPQ","searchable":1,"quickSearch":1,"filterable":1,"ext":"./tv/兄弟影视.json"},
{"key":"JOJO","name":"JOJO","type":3,"api":"csp_XBPQ","searchable":1,"quickSearch":1,"filterable":1,"ext":"./tv/JOJO.json"},
{"key":"看看电影","name":"看看电影","type":3,"api":"csp_XBPQ","searchable":1,"quickSearch":1,"filterable":1,"ext":"./tv/看看电影.json"},
{"key":"爱看影院","name":"爱看影院","type":3,"api":"csp_XBPQ","searchable":1,"quickSearch":1,"filterable":1,"ext":"./tv/爱看影院.json"},
{"key":"麻花影视","name":"麻花影视","type":3,"api":"csp_XBPQ","searchable":1,"quickSearch":1,"filterable":1,"ext":"./tv/麻花影视.json"},
{"key":"影渣渣","name":"影渣渣","type":3,"api":"csp_XBPQ","searchable":1,"quickSearch":1,"filterable":1,"ext":"./tv/影渣渣.json"},
{"key":"锐行加速","name":"锐行加速","type":3,"api":"csp_XBPQ","searchable":1,"quickSearch":1,"filterable":1,"ext":"./tv/锐行加速.json"},
{"key":"冷曦影视","name":"冷曦影视","type":3,"api":"csp_XBPQ","searchable":1,"quickSearch":1,"filterable":1,"ext":"./tv/冷曦影视.json"},
{"key":"影视大全","name":"影视大全","type":3,"api":"csp_XBPQ","searchable":1,"quickSearch":1,"filterable":1,"ext":"./tv/影视大全.json"},
{"key":"番茄电影","name":"番茄电影","type":3,"api":"csp_XBPQ","searchable":1,"quickSearch":1,"filterable":1,"ext":"./tv/番茄电影网.json"},
{"key":"胖虎影视","name":"胖虎影视","type":3,"api":"csp_XBPQ","searchable":1,"quickSearch":1,"filterable":1,"ext":"./tv/胖虎影视.json"},
{"key":"csp_明帝","name":"明帝影视","type":3,"api":"csp_XBPQ","searchable":1,"quickSearch":1,"filterable":1,"ext":"./tv/明帝影视.json"},
{"key":"秋霞","name":"秋霞影视","type":3,"api":"csp_XBPQ","searchable":1,"quickSearch":1,"filterable":1,"ext":"./tv/秋霞影视.json"},
{"key":"星辰影院","name":"星辰影院","type":3,"api":"csp_XBPQ","searchable":1,"quickSearch":1,"filterable":1,"ext":"./tv/星辰影院.json"},
{"key":"人人影视","name":"人人影视","type":3,"api":"csp_XBPQ","searchable":1,"quickSearch":1,"filterable":1,"ext":"./tv/人人影视.json"},
{"key":"Vidhub","name":"Vidhub","type":3,"api":"csp_XBPQ","searchable":1,"quickSearch":1,"filterable":1,"ext":"./tv/Vidhub.json"},
{"key":"素白白","name":"素白白","type":3,"api":"csp_XBPQ","searchable":1,"quickSearch":1,"filterable":1,"ext":"./tv/素白白.json"},
{"key":"野荷塘","name":"野荷塘影院","type":3,"api":"csp_XBPQ","searchable":1,"quickSearch":1,"filterable":1,"ext":"./tv/野荷塘.json"},
{"key":"乐猪TV","name":"乐猪影视","type":3,"api":"csp_XBPQ","searchable":1,"quickSearch":1,"filterable":1,"ext":"./tv/乐猪TV.json"},
{"key":"看剧吧","name":"看剧吧","type":3,"api":"csp_AppYsV2","searchable":1,"quickSearch":1,"filterable":1,"ext":"http://app.ishen520.com/api.php/v1.vod"},
{"key": "buka","name":"️真不卡影院","type": 3,"api": "csp_XBPQ","searchable": 1,"quickSearch": 1,"filterable": 0,"ext":"./tv/真不卡.json"},
{"key":"csp_Nkdy","name":"南柯电影","type":3,"api":"csp_Nkdy","playerType":2,"searchable":1,"quickSearch":1,"filterable":1},
{"key":"音范丝4K","name":"音范丝4K","type":3,"api":"csp_XPathFilter","searchable":0,"quickSearch":0,"filterable":0,"ext":"./tv/音范丝.json"},
{"key":"小鱼影视","name":"小鱼影视","type":3,"api":"csp_XBPQ","searchable":1,"quickSearch":1,"filterable":1,"ext":"./tv/小鱼影视.json"},
{"key":"Auete","name":"Auete","type":3,"api":"csp_Auete","searchable":1,"quickSearch":1,"filterable":1},
{"key":"映迷","name":"映迷","type":1,"api":"https://www.inmi.app/api.php/provide/vod/","searchable":1,"quickSearch":1,"filterable":1},
{"key":"奈落影院","name":"奈落影院","type":3,"api":"csp_XBPQ","searchable":1,"quickSearch":1,"filterable":1,"ext":"./tv/奈落影院.json"},
{"key":"红领巾影院","name":"红领巾影院","type":3,"api":"csp_XBPQ","searchable":1,"quickSearch":1,"filterable":1,"ext":"./tv/红领巾影院.json"},
{"key":"萌蛋蛋","name":"萌蛋蛋","type":3,"api":"csp_AppYsV2","searchable":1,"quickSearch":1,"filterable":1,"ext":"http://app.mengdandan.com/xgapp.php/v1/"},
{"key":"量子资源","name":"量子资源","type":1,"api":"http://cj.lziapi.com/api.php/provide/vod/","playerType":2,"playUrl":"","searchable":1,"quickSearch":1,"categories":["国产剧","国产动漫","泰国剧","台湾剧","香港剧","欧美剧","韩国剧","日本剧","动漫","体育","剧情片","动作片","爱情片","喜剧片"]},
{"key":"光速资源","name":"光速资源","type":1,"api":"https://api.guangsuapi.com/api.php/provide/vod/from/gsm3u8/","searchable":1,"quickSearch":1,"filterable":1,"playerType":2,"categories":["动作片","喜剧片","科幻片","恐怖片","爱情片","剧情片","战争片","记录片","动漫电影","大陆剧","欧美剧","港澳剧","韩剧","台湾剧","日剧","海外剧","泰剧","体育赛事","国产动漫","日韩动漫","欧美动漫","港台动漫","海外动漫","大陆综艺","港台综艺","日韩综艺","欧美综艺"]},
{"key":"飞速资源","name":"飞速资源","type":1,"api":"https://www.feisuzyapi.com/api.php/provide/vod/?ac=list","searchable":1,"quickSearch":1,"filterable":1,"playerType":2,"categories":["动作片","喜剧片","科幻片","恐怖片","爱情片","剧情片","战争片","纪录片","动画片","其他片","国产剧","欧美剧","香港剧","韩国剧","台湾剧","日本剧","海外剧","泰国剧","其他剧","体育赛事","国产动漫","日韩动漫","欧美动漫","港台动漫","海外动漫","大陆综艺","港台综艺","日韩综艺","欧美综艺"]},
{"key":"优质资源","name":"优质资源","type":1,"api":"https://api.1080zyku.com/inc/api_mac10.php?ac=list","searchable":1,"quickSearch":1,"filterable":1,"playerType":2,"categories":["动作片","喜剧片","科幻片","恐怖片","爱情片","剧情片","战争片","记录片","动画片","国产剧","欧美剧","香港剧","韩国剧","台湾剧","日本剧","海外剧","泰国剧","国产动漫","日韩动漫","欧美动漫","港台动漫","海外动漫","大陆综艺","港台综艺","日韩综艺","欧美综艺"]},
{"key":"鱼乐资源","name":"鱼乐资源","type":1,"api":"https://api.yulecj.com/api.php/provide/vod/?ac=list","searchable":1,"quickSearch":1,"filterable":1,"playUrl":"","playerType":2,"categories":["动作片","喜剧片","科幻片","恐怖片","爱情片","悬疑片","剧情片","战争片","纪录片","动画电影","国产剧","美国剧","犯罪片","香港剧","韩国剧","泰剧","台湾剧","日本剧","海外剧","其他剧","悬疑片","奇幻片","动画片","体育赛事","国产动漫","日韩动漫","欧美动漫","港台动漫","海外动漫","大陆综艺","港台综艺","日韩综艺","欧美综艺"]},
{"key":"暴风资源","name":"暴风资源","type":1,"api":"https://bfzyapi.com/api.php/provide/vod/?ac=list","searchable":1,"quickSearch":1,"filterable":1,"playerType":2,"categories":["动作片","喜剧片","科幻片","恐怖片","爱情片","剧情片","战争片","纪录片","国产剧","欧美剧","犯罪片","香港剧","韩国剧","台湾剧","日本剧","海外剧","其他片","悬疑片","奇幻片","动画片","国产动漫","日韩动漫","欧美动漫","港台动漫","海外动漫","大陆综艺","港台综艺","日韩综艺","欧美综艺"]},
{"key":"快播资源","name":"快播资源","type":1,"api":"http://www.kuaibozy.com/api.php/provide/vod/","searchable":1,"quickSearch":1,"filterable":1,"categories":["连续剧","动作片","喜剧片","爱情片","科幻片","恐怖片","剧情片","战争片","国产剧","港台剧","日韩剧","欧美剧","泰剧","动漫","综艺"]},
{"key":"快车资源","name":"快车资源","type":1,"api":"https://caiji.kczyapi.com/api.php/provide/vod/","searchable":1,"quickSearch":1,"categories":["动作片","喜剧片","爱情片","科幻片","恐怖片","战争片","剧情片","伦理片","动画片","国产剧","香港剧","台湾剧","欧美剧","韩国剧","日本剧","海外剧","动漫","国产动漫","日本动漫","欧美动漫","大陆综艺","日韩综艺","港台综艺","欧美综艺","泰国剧","纪录片"]},
{"key":"无尽资源","name":"无尽资源","type":1,"api":"https://api.wujinapi.com/api.php/provide/vod/","playUrl":"","searchable":1,"quickSearch":1,"filterable":1,"categories":["动作片","喜剧片","爱情片","科幻片","恐怖片","剧情片","战争片","伦理片","悬疑片","犯罪片","奇幻片","邵氏电影","国产剧","香港剧","台湾剧","美国剧","韩国剧","日本剧","泰国剧","海外剧","纪录片","动画片","国产动漫","日韩动漫","欧美动漫","大陆综艺","港台综艺","日韩综艺","欧美综艺","其他剧","体育赛事"]},
{"key":"天空资源","name":"天空资源","type":1,"api":"http://api.tiankongapi.com/api.php/provide/vod/","playUrl":"","searchable":1,"quickSearch":1,"filterable":1,"categories":[]},
{"key":"八戒资源","name":"八戒资源","type":1,"api":"http://cj.bajiecaiji.com/inc/apijson_vod.php","searchable":1,"quickSearch":1,"filterable":1,"categories":["动作片","喜剧片","爱情片","科幻片","恐怖片","奇幻片","剧情片","国产剧","香港剧","台湾剧","韩国剧","日本剧","欧美剧","微电影","海外剧","大陆综艺","港台综艺","国产动漫","日本动漫","欧美动漫","其他动漫","国外综艺","写真美女","展会美女","写真美女","韩国美女","主播美女","纪录片","动画片"]},
{"key":"百度资源","name":"百度资源","type":1,"api":"https://api.apibdzy.com/api.php/provide/vod/","playUrl":"","searchable":1,"quickSearch":1,"filterable":1,"categories":["动作片","喜剧片","爱情片","科幻片","恐怖片","剧情片","战争片","伦理片","悬疑片","犯罪片","邵氏电影","大陆剧","港澳剧","台湾剧","美国剧","韩剧","日剧","泰剧","其他剧","纪录片","动画电影","国产动漫","日韩动漫","欧美动漫","大陆综艺","港台综艺","日韩综艺","欧美综艺","体育赛事"]},
{"key":"红牛资源","name":"红牛资源","type":1,"api":"https://www.hongniuzy2.com/api.php/provide/vod/","searchable":1,"quickSearch":1,"filterable":1,"categories":["动作片","喜剧片","爱情片","科幻片","恐怖片","剧情片","战争片","国产剧","港澳剧","日剧","欧美剧","台湾剧","泰剧","韩剧","记录片","动漫","动漫电影","伦理片","综艺","体育赛事"]},
{"key":"M3U8资源","name":"M3U8资源","type":1,"api":"https://www.zycaiji.net:7788/api.php/provide/vod/","searchable":1,"quickSearch":1,"filterable":1,"categories":["国产剧","港台剧","日韩剧","欧美剧","动作片","喜剧片","爱情片","科幻片","恐怖片","剧情片","战争片","犯罪片","悬疑片","惊悚片","奇幻片","冒险片","记录片","动画片","综艺","动漫","番剧（B站专用）","国创（B站专用）","电影（B站专用）","电视剧（B站专用）"]},
{"key":"闪电资源","name":"闪电资源","type":1,"api":"http://sdzyapi.com/api.php/provide/vod/","searchable":1,"quickSearch":1,"filterable":1},
{"key":"天堂资源","name":"天堂资源","type":1,"api":"http://vipmv.cc/api.php/provide/vod/","searchable":1,"quickSearch":1,"filterable":1,"categories":["电影","连续剧","综艺","动漫","国产剧","港台剧","日韩剧","欧美剧","动作片","喜剧片","爱情片","科幻片","恐怖片","剧情片","战争片","哔哩哔哩"]},
{"key":"韩剧资源","name":"韩剧资源","type":1,"api":"http://www.hanjuzy.com/inc/apijson_vod.php","searchable":1,"quickSearch":1,"categories":["动作片","喜剧片","科幻片","爱情片","恐怖片","剧情片","战争片","犯罪片","纪录片","韩国剧","日本剧","动漫","综艺"]},
{"key":"csp_SP360","name":"360","type":3,"api":"csp_SP333","searchable":1,"quickSearch":1,"filterable":1},
{"key":"MGT","name":"芒果TV","type":3,"api":"csp_Mtv","searchable":1,"quickSearch":1,"filterable":1},
{"key":"teng","name":"腾讯视频","type":3,"api":"csp_Qtv","searchable":1,"quickSearch":1,"filterable":1},
{"key":"思古","name":"思古影视","type":3,"api":"csp_XBPQ","searchable":1,"quickSearch":1,"filterable":1,"ext":"./tv/思古影视.json"},
{"key":"csp_小站","name":"无名小站","type":3,"api":"csp_XBPQ","searchable":1,"quickSearch":1,"filterable":1,"ext":"./tv/无名小站.json"},
{"key":"555电影","name":"555电影","type":3,"api":"csp_XBPQ","searchable":1,"quickSearch":1,"filterable":1,"ext":"./tv/555电影.json"},
{"key":"传递","name":"传递影视","type":3,"api":"csp_XBPQ","searchable":1,"quickSearch":1,"filterable":1,"ext":"./tv/传递影视.json"},
{"key":"玖卿乐播","name":"玖卿乐播","type":3,"api":"csp_AppYs","searchable":1,"quickSearch":1,"filterable":1,"ext":"https://vod.nqcode.cn/api.php/v1.vod"},
{"key":"csp_xp_99ys","name":"久久影视","type":3,"api":"csp_XPath","searchable":1,"quickSearch":1,"filterable":1,"ext":"./tv/久久影视.json"},
{"key":"农民","name":"‍农民影视","type":3,"api":"csp_XPathMacFilter","searchable":1,"quickSearch":1,"filterable":1,"ext":"./tv/农民影视.json"},
{"key":"神马影院","name":"神马影院","type":3,"api":"csp_XBPQ","searchable":1,"quickSearch":1,"filterable":1,"ext":"./tv/神马影院.json"},
{"key":"Paper","name":"小纸条","type":3,"api":"csp_Paper","searchable":1,"quickSearch":1,"filterable":1,"ext": "./token.txt"},
{"key":"csp_AList","name":"AList网盘","type":3,"api":"csp_AList","searchable":1,"quickSearch":0,"filterable":1,"changeable":0,"ext":"./tv/Alist.json"},
{"key":"YiSo","name":"易搜","type":3,"api":"csp_YiSo","searchable":1,"quickSearch":1,"filterable":0,"changeable":0,"ext": "./token.txt"},
{"key":"Zhaozy","name":"找资源","type":3,"api":"csp_Zhaozy","searchable":1,"quickSearch":1,"filterable":0,"changeable":0,"ext": "./token.txt$$$yunshuche$$$11223344"},
{"key":"PanSou","name":"盘搜","type":3,"api":"csp_PanSou","searchable":1,"quickSearch":1,"filterable":0,"changeable":0,"ext": "./token.txt"},
{"key":"UpYun","name":"UP云搜","type":3,"api":"csp_UpYun","searchable":1,"quickSearch":1,"filterable":0,"changeable":0,"ext": "./token.txt"},
{"key":"PanSearch","name":"盘搜索","type":3,"api":"csp_PanSearch","searchable":1,"quickSearch":1,"filterable":0,"changeable":0,"ext": "./token.txt"},
{"key":"Dovx","name":"七夜搜索","type":3,"api":"csp_Dovx","searchable":1,"quickSearch":1,"filterable":0,"changeable":0,"ext": "./token.txt"}
],

"parses":[
{"name":"解析聚合","type":3,"url":"Demo"},
{"name":"Json并发","type":2,"url":"Parallel"},
{"name":"Json轮询","type":2,"url":"Sequence"},
{"name":"线路1","type":1,"url":"http://110.42.2.247:880/analysis/json/?uid=2056&my=efjkmvBGHILMSUWXY0&url="},
{"name":"线路2","type":1,"url":"https://jx.m3u8.tv/jiexi/?url="},
{"name":"线路3","type":1,"url":"https://chaxun.truechat365.com/?url="},
{"name":"线路4","type":1,"url":"https://www.1717yun.com/jx/ty.php?url="},
{"name":"线路5","type":0,"url":"https://www.pangujiexi.com/pangu/?url="},
{"name":"线路6","type":0,"url":"https://yun.ckmov.com/?url="},
{"name":"线路7","type":0,"url":"https://jiexi.555jiexi.net:555/player/?url="},
{"name":"线路8","type":0,"url":"https://jx.m3u8.pw/?url="},
{"name":"线路9","type":0,"url":"https://jx.aidouer.net/?url="},
{"name":"线路10","type":0,"url":"https://jxdp.codermart.net/?url="},
{"name":"线路11","type":0,"url":"https://jx.ppjbk.cn/?url="},
{"name":"线路12","type":0,"url":"http://113.125.122.109:5555/aiku.php?url="},
{"name":"线路13","type":0,"url":"https://vip.198830.com/?url="},
{"name":"线路14","type":0,"url":"https://okjx.cc/?url="},
{"name":"线路15","type":0,"url":"https://jx.iztyy.com/svip/?url="},
{"name":"线路16","type":0,"url":"https://jx.xmflv.com/?url="},
{"name":"线路17","type":0,"url":"https://www.m3u8.tv.cache.janan.net:4433/json2020.php?uid=M3U8.TV&token=88888888&url="},
{"name":"线路18","type":0,"url":"https://dm.xmflv.com:4433/?url="},
{"name":"线路19","type":0,"url":"https://vip.xuux.icu/home/api?type=ys&uid=1325731&key=adfgilmnpwzBDEJPY3&url="},
{"name":"线路20","type":0,"url":"https://yun.nxflv.com/?url="},
{"name":"线路21","type":0,"url":"https://api.json.icu/api/?key=96e367598dd84cf9ed4ff7d08fb16864&url="},
{"name":"线路22","type":0,"url":"https://vip.bljiex.com/?v="},
{"name":"线路23","type":0,"url":"https://www.8090g.cn/?url="},
{"name":"线路24","type":0,"url":"https://www.8090.la/8090/?url="},
{"name":"线路25","type":0,"url":"http://91fanli.top/m3u8/?url="},
{"name":"线路26","type":0,"url":"http://okjx.cc/?url="},
{"name":"线路27","type":0,"url":"https://jx.quankan.app/?url="},
{"name":"线路28","type":0,"url":"https://www.ckmov.com/?url="}
],

"flags":["youku","qq","iqiyi","imgo","xueren","m1905","qiyi","letv","sohu","tudou","pptv","dbm3u8","mgtv","wasu","bilibili","le","duoduozy","renrenmi","xigua","优酷","西瓜","乐视","芒果","腾讯","爱奇艺","奇艺","ltnb","rx","CL4K","xfyun","wuduzy","哔哩哔哩","哔哩"],
"ijk":[{
"group":"软解码","options":[{"category":4,"name":"opensles","value":"0"},{"category":4,"name":"overlay-format","value":"842225234"},{"category":4,"name":"framedrop","value":"1"},{"category":4,"name":"soundtouch","value":"1"},{"category":4,"name":"start-on-prepared","value":"1"},{"category":1,"name":"http-detect-range-support","value":"0"},{"category":1,"name":"fflags","value":"fastseek"},{"category":2,"name":"skip_loop_filter","value":"48"},{"category":4,"name":"reconnect","value":"1"},{"category":4,"name":"enable-accurate-seek","value":"0"},{"category":4,"name":"mediacodec","value":"0"},{"category":4,"name":"mediacodec-auto-rotate","value":"0"},{"category":4,"name":"mediacodec-handle-resolution-change","value":"0"},{"category":4,"name":"mediacodec-hevc","value":"0"},{"category":1,"name":"dns_cache_timeout","value":"600000000"}]},
{"group":"硬解码","options":[{"category":4,"name":"opensles","value":"0"},{"category":4,"name":"overlay-format","value":"842225234"},{"category":4,"name":"framedrop","value":"1"},{"category":4,"name":"soundtouch","value":"1"},{"category":4,"name":"start-on-prepared","value":"1"},{"category":1,"name":"http-detect-range-support","value":"0"},{"category":1,"name":"fflags","value":"fastseek"},{"category":2,"name":"skip_loop_filter","value":"48"},{"category":4,"name":"reconnect","value":"1"},{"category":4,"name":"enable-accurate-seek","value":"0"},{"category":4,"name":"mediacodec","value":"1"},{"category":4,"name":"mediacodec-auto-rotate","value":"1"},{"category":4,"name":"mediacodec-handle-resolution-change","value":"1"},{"category":4,"name":"mediacodec-hevc","value":"1"},{"category":1,"name":"dns_cache_timeout","value":"600000000"}]}
],

"wallpaper":"https://tool.weetai.cn/api",

"ads":["mimg.0c1q0l.cn","www.googletagmanager.com","www.google-analytics.com","mc.usihnbcq.cn","mg.g1mm3d.cn","mscs.svaeuzh.cn","cnzz.hhttm.top","tp.vinuxhome.com","cnzz.mmstat.com","www.baihuillq.com","s23.cnzz.com","z3.cnzz.com","c.cnzz.com","stj.v1vo.top","z12.cnzz.com","img.mosflower.cn","tips.gamevvip.com","ehwe.yhdtns.com","xdn.cqqc3.com","www.jixunkyy.cn","sp.chemacid.cn","hm.baidu.com","s9.cnzz.com","z6.cnzz.com","um.cavuc.com","mav.mavuz.com","wofwk.aoidf3.com","z5.cnzz.com","xc.hubeijieshikj.cn","tj.tianwenhu.com","xg.gars57.cn","k.jinxiuzhilv.com","cdn.bootcss.com","ppl.xunzhuo123.com","xomk.jiangjunmh.top","img.xunzhuo123.com","z1.cnzz.com","s13.cnzz.com","xg.huataisangao.cn","z7.cnzz.com","xg.huataisangao.cn","z2.cnzz.com","s96.cnzz.com","q11.cnzz.com","thy.dacedsfa.cn","xg.whsbpw.cn","s19.cnzz.com","z8.cnzz.com","s4.cnzz.com","f5w.as12df.top","ae01.alicdn.com","www.92424.cn","k.wudejia.com","vivovip.mmszxc.top","qiu.xixiqiu.com","cdnjs.hnfenxun.com","cms.qdwght.com"]
}