{
"classes": [
    {
      "type_name": "单口相声",
      "type_id": "单口相声"
    },
    {
      "type_name": "群口相声",
      "type_id": "群口相声"
    },
    {
      "type_name": "德云社",
      "type_id": "德云社"
    },
    {
      "type_name": "青曲社",
      "type_id": "青曲社"
    },
    {
      "type_name": "郭德纲",
      "type_id": "郭德纲"
    },
    {
      "type_name": "岳云鹏",
      "type_id": "岳云鹏"
    },
    {
      "type_name": "曹云金",
      "type_id": "曹云金"
    },
    {
      "type_name": "评书",
      "type_id": "评书"
    },
    {
      "type_name": "相声小品",
      "type_id": "相声小品"
    },
    {
      "type_name": "小曲",
      "type_id": "小曲"
    },
    {
      "type_name": "二人转",
      "type_id": "二人转"
    },
    {
      "type_name": "春晚小品",
      "type_id": "春晚小品"
    },

    {
      "type_name": "赵本山",
      "type_id": "赵本山"
    },
    {
      "type_name": "陈佩斯",
      "type_id": "陈佩斯"
    },
    {
      "type_name": "冯巩",
      "type_id": "冯巩"
    },
    {
      "type_name": "宋小宝",
      "type_id": "宋小宝"
    },
    {
      "type_name": "赵丽蓉",
      "type_id": "赵丽蓉"
    },
    {
      "type_name": "郭达",
      "type_id": "郭达"
    },
    {
      "type_name": "潘长江",
      "type_id": "潘长江"
    },
    {
      "type_name": "毽球",
      "type_id": "毽球"
    },
    {
      "type_name": "郭冬临",
      "type_id": "郭冬临"
    },
    {
      "type_name": "严顺开",
      "type_id": "严顺开"
    },
    {
      "type_name": "文松",
      "type_id": "文松"
    },
    {
      "type_name": "毽球",
      "type_id": "毽球"
    },
    {
      "type_name": "开心麻花",
      "type_id": "开心麻花"
    },
    {
      "type_name": "喜剧综艺",
      "type_id": "喜剧综艺"
    }
  ],
   "cookie": "innersign=0;buvid3=2E536ADC-CD6D-46AB-A9FF-904395151EE369713infoc;b_nut=1669016569;i-wanna-go-back=-1;b_ut=7;_uuid=761F7F106-C575-884D-6C10A-92BC10A10D10FBC68934infoc;buvid4=5B25B999-AE15-E09A-A0CC-3661981B71BF70255-122112115-JOyWSaNZfI2kZmT1KYmcQA%3D%3D;fingerprint=6d9ef93c89a567d22b6a9c4104e6cc50;buvid_fp_plain=undefined;buvid_fp=6d9ef93c89a567d22b6a9c4104e6cc50;SESSDATA=2d6f63c8%2C1684568607%2C19eb6%2Ab1;bili_jct=21d538b01566c26afc81ff68c2ac7dca;DedeUserID=3493083203242585;DedeUserID__ckMd5=7b86f3894ed7f8c0;sid=ng0uyvaz;b_lsid=97FB69A2_1869DE8E2C5;bg_view_44176=720227",
  "filter": {
    "小品": [
      {
        "key": "duration",
        "name": "时长",
        "value": [
          {
            "n": "全部",
            "v": "0"
          },
          {
            "n": "60分钟以上",
            "v": "4"
          },
          {
            "n": "30~60分钟",
            "v": "3"
          },
          {
            "n": "10~30分钟",
            "v": "2"
          },
          {
            "n": "10分钟以下",
            "v": "1"
          }
        ]
      }
    ],
     "相声小品": [
      {
        "key": "tid",
        "name": "分类",
        "value": [
          {
            "n": "全部",
            "v": "相声小品"
          },
          {
            "n": "单口相声",
            "v": "单口相声"
          },
          {
            "n": "群口相声",
            "v": "群口相声"
          },
          {
            "n": "德云社",
            "v": "德云社"
          },
          {
            "n": "青曲社",
            "v": "青曲社"
          },
          {
            "n": "郭德纲",
            "v": "郭德纲"
          },
          {
            "n": "岳云鹏",
            "v": "岳云鹏"
          },
          {
            "n": "曹云金",
            "v": "曹云金"
          },
          {
            "n": "评书",
            "v": "评书"
          },
          {
            "n": "小曲",
            "v": "小曲"
          },
          {
            "n": "二人转",
            "v": "二人转"
          },
          {
            "n": "春晚小品",
            "v": "春晚小品"
          },
          {
            "n": "赵本山",
            "v": "赵本山"
          },
          {
            "n": "陈佩斯",
            "v": "陈佩斯"
          },
          {
            "n": "冯巩",
            "v": "冯巩"
          },
          {
            "n": "宋小宝",
            "v": "宋小宝"
          },
          {
            "n": "赵丽蓉",
            "v": "赵丽蓉"
          },
          {
            "n": "郭达",
            "v": "郭达"
          },
          {
            "n": "潘长江",
            "v": "潘长江"
          },
          {
            "n": "郭冬临",
            "v": "郭冬临"
          },
          {
            "n": "严顺开",
            "v": "严顺开"
          },
          {
            "n": "文松",
            "v": "文松"
          },
          {
            "n": "开心麻花",
            "v": "开心麻花"
          },
          {
            "n": "屌丝男士",
            "v": "屌丝男士"
          },
          {
            "n": "喜剧综艺",
            "v": "喜剧综艺"
          }
        ]
      },
      {
        "key": "duration",
        "name": "时长",
        "value": [
          {
            "n": "全部",
            "v": "0"
          },
          {
            "n": "60分钟以上",
            "v": "4"
          },
          {
            "n": "30~60分钟",
            "v": "3"
          },
          {
            "n": "10~30分钟",
            "v": "2"
          },
          {
            "n": "10分钟以下",
            "v": "1"
          }
        ]
      }
    ]
  }
}
