{
"classes": [
    {
      "type_name": "京剧",
      "type_id": "京剧超清"
    },
    {
      "type_name": "越剧",
      "type_id": "越剧超清"
    },
    {
      "type_name": "蒲剧",
      "type_id": "蒲剧超清"
    },
    {
      "type_name": "眉户",
      "type_id": "眉户超清"
    },
        {
      "type_name": "吕剧",
      "type_id": "吕剧超清"
    },
        {
      "type_name": "楚剧",
      "type_id": "楚剧超清"
    },
    {
      "type_name": "歌仔戏",
      "type_id": "歌仔戏超清"
    },
    
    {
      "type_name": "黄梅戏",
      "type_id": "黄梅戏超清"
    },
    {
      "type_name": "评剧",
      "type_id": "评剧超清"
    },
    {
      "type_name": "豫剧",
      "type_id": "豫剧超清"
    },
    {
      "type_name": "花鼓戏",
      "type_id": "花鼓戏超清"
    },    
    {
      "type_name": "布袋戏",
      "type_id": "布袋戏合集超清"
    },    
    {
      "type_name": "沪剧",
      "type_id": "沪剧超清"
    },
    {
      "type_name": "昆曲",
      "type_id": "昆曲超清"
    },
    {
      "type_name": "潮剧",
      "type_id": "潮剧超清"
    },
    {
      "type_name": "超清潮剧",
      "type_id": "超清潮剧超清"
    },

    {
      "type_name": "百花潮剧院",
      "type_id": "百花潮剧院超清"
    },
        {
      "type_name": "香港潮剧",
      "type_id": "香港潮剧超清"
    },
        {
      "type_name": "潮剧院",
      "type_id": "潮剧院超清"
    },
       {
      "type_name": "潮剧团",
      "type_id": "潮剧团超清"
    },
        {
      "type_name": "潮剧全剧",
      "type_id": "潮剧全剧超清"
    }, 
     {
      "type_name": "潮剧选段",
      "type_id": "潮剧选段超清"
    },
    {
      "type_name": "名家潮剧",
      "type_id": "名家潮剧超清"
    },
  
    {
      "type_name": "潮汕小品",
      "type_id": "潮汕小品超清"
    },
        {
      "type_name": "潮汕讲古",
      "type_id": "潮汕讲古超清"
    },       
     {
      "type_name": "绍兴莲花落",
      "type_id": "绍兴莲花落超清"
    },

    {
      "type_name": "河北梆子",
      "type_id": "河北梆子超清"
    },
    {
      "type_name": "梆子腔",
      "type_id": "梆子腔超清"
    },
    {
      "type_name": "晋剧",
      "type_id": "晋剧超清"
    },
    {
      "type_name": "龙江剧",
      "type_id": "龙江剧超清"
    },
    {
      "type_name": "越调",
      "type_id": "越调超清"
    },
    {
      "type_name": "河南曲剧",
      "type_id": "河南曲剧超清"
    },
    {
      "type_name": "山东梆子",
      "type_id": "山东梆子超清"
    },
    {
      "type_name": "淮剧",
      "type_id": "淮剧超清"
    },
    {
      "type_name": "滑稽戏",
      "type_id": "滑稽戏超清"
    },
    {
      "type_name": "婺剧",
      "type_id": "婺剧超清"
    },
    {
      "type_name": "绍剧",
      "type_id": "绍剧超清"
    },
    {
      "type_name": "徽剧",
      "type_id": "徽剧超清"
    },
    {
      "type_name": "雁剧",
      "type_id": "雁剧超清"
    },
    {
      "type_name": "上党梆子",
      "type_id": "上党梆子超清"
    },
    {
      "type_name": "秦腔",
      "type_id": "秦腔超清"
    },
    {
      "type_name": "武安平调",
      "type_id": "武安平调超清"
    },
    {
      "type_name": "二人台",
      "type_id": "二人台超清"
    },
    {
      "type_name": "吉剧",
      "type_id": "吉剧超清"
    },
    {
      "type_name": "高腔",
      "type_id": "高腔超清"
    }
  ],
   "cookie": "innersign=0;buvid3=2E536ADC-CD6D-46AB-A9FF-904395151EE369713infoc;b_nut=1669016569;i-wanna-go-back=-1;b_ut=7;_uuid=761F7F106-C575-884D-6C10A-92BC10A10D10FBC68934infoc;buvid4=5B25B999-AE15-E09A-A0CC-3661981B71BF70255-122112115-JOyWSaNZfI2kZmT1KYmcQA%3D%3D;fingerprint=6d9ef93c89a567d22b6a9c4104e6cc50;buvid_fp_plain=undefined;buvid_fp=6d9ef93c89a567d22b6a9c4104e6cc50;SESSDATA=2d6f63c8%2C1684568607%2C19eb6%2Ab1;bili_jct=21d538b01566c26afc81ff68c2ac7dca;DedeUserID=3493083203242585;DedeUserID__ckMd5=7b86f3894ed7f8c0;sid=ng0uyvaz;b_lsid=97FB69A2_1869DE8E2C5;bg_view_44176=720227",
  "filter": {
    "搞笑": [
      {
        "key": "duration",
        "name": "时长",
        "value": [
          {
            "n": "全部",
            "v": "0"
          },
          {
            "n": "60分钟以上",
            "v": "4"
          },
          {
            "n": "30~60分钟",
            "v": "3"
          },
          {
            "n": "10~30分钟",
            "v": "2"
          },
          {
            "n": "10分钟以下",
            "v": "1"
          }
        ]
      }
    ],
    "潮剧": [
      {
        "key": "duration",
        "name": "时长",
        "value": [
          {
            "n": "全部",
            "v": "0"
          },
          {
            "n": "60分钟以上",
            "v": "4"
          },
          {
            "n": "30~60分钟",
            "v": "3"
          },
          {
            "n": "10~30分钟",
            "v": "2"
          },
          {
            "n": "10分钟以下",
            "v": "1"
          }
        ]
      }
    ],
   
       "超清潮剧": [
      {
        "key": "duration",
        "name": "时长",
        "value": [
          {
            "n": "全部",
            "v": "0"
          },
          {
            "n": "60分钟以上",
            "v": "4"
          },
          {
            "n": "30~60分钟",
            "v": "3"
          },
          {
            "n": "10~30分钟",
            "v": "2"
          },
          {
            "n": "10分钟以下",
            "v": "1"
          }
        ]
      }
    ],
     
       "百花潮剧院": [
      {
        "key": "duration",
        "name": "时长",
        "value": [
          {
            "n": "全部",
            "v": "0"
          },
          {
            "n": "60分钟以上",
            "v": "4"
          },
          {
            "n": "30~60分钟",
            "v": "3"
          },
          {
            "n": "10~30分钟",
            "v": "2"
          },
          {
            "n": "10分钟以下",
            "v": "1"
          }
        ]
      }
    ],
       "潮剧院": [
      {
        "key": "duration",
        "name": "时长",
        "value": [
          {
            "n": "全部",
            "v": "0"
          },
          {
            "n": "60分钟以上",
            "v": "4"
          },
          {
            "n": "30~60分钟",
            "v": "3"
          },
          {
            "n": "10~30分钟",
            "v": "2"
          },
          {
            "n": "10分钟以下",
            "v": "1"
          }
        ]
      }
    ],
       "潮剧团": [
      {
        "key": "duration",
        "name": "时长",
        "value": [
          {
            "n": "全部",
            "v": "0"
          },
          {
            "n": "60分钟以上",
            "v": "4"
          },
          {
            "n": "30~60分钟",
            "v": "3"
          },
          {
            "n": "10~30分钟",
            "v": "2"
          },
          {
            "n": "10分钟以下",
            "v": "1"
          }
        ]
      }
    ],
   
       "闽南歌曲合集": [
      {
        "key": "duration",
        "name": "时长",
        "value": [
          {
            "n": "全部",
            "v": "0"
          },
          {
            "n": "60分钟以上",
            "v": "4"
          },
          {
            "n": "30~60分钟",
            "v": "3"
          },
          {
            "n": "10~30分钟",
            "v": "2"
          },
          {
            "n": "10分钟以下",
            "v": "1"
          }
        ]
      }
    ],
    "戏曲": [
      {
        "key": "tid",
        "name": "分类",
        "value": [
          {
            "n": "全部",
            "v": "戏曲"
          },
          {
            "n": "京剧",
            "v": "京剧"
          },
          {
            "n": "越剧",
            "v": "越剧"
          },
          {
            "n": "黄梅戏",
            "v": "黄梅戏"
          },
          {
            "n": "评剧",
            "v": "评剧"
          },
          {
            "n": "豫剧",
            "v": "豫剧"
          },
          {
            "n": "昆曲",
            "v": "昆曲"
          },
          {
            "n": "高腔",
            "v": "高腔"
          },
          {
            "n": "梆子腔",
            "v": "梆子腔"
          },
          {
            "n": "河北梆子",
            "v": "河北梆子"
          },
          {
            "n": "晋剧",
            "v": "晋剧"
          },
          {
            "n": "蒲剧",
            "v": "蒲剧"
          },
          {
            "n": "雁剧",
            "v": "雁剧"
          },
          {
            "n": "上党梆子",
            "v": "上党梆子"
          },
          {
            "n": "秦腔",
            "v": "秦腔"
          },
          {
            "n": "武安平调",
            "v": "武安平调"
          },
          {
            "n": "二人台",
            "v": "二人台"
          },
          {
            "n": "吉剧",
            "v": "吉剧"
          },
          {
            "n": "龙江剧",
            "v": "龙江剧"
          },
          {
            "n": "越调",
            "v": "越调"
          },
          {
            "n": "河南曲剧",
            "v": "河南曲剧"
          },
          {
            "n": "山东梆子",
            "v": "山东梆子"
          },
          {
            "n": "淮剧",
            "v": "淮剧"
          },
          {
            "n": "沪剧",
            "v": "沪剧"
          },
          {
            "n": "滑稽戏",
            "v": "滑稽戏"
          },
          {
            "n": "婺剧",
            "v": "婺剧"
          },
          {
            "n": "绍剧",
            "v": "绍剧"
          },
          {
            "n": "徽剧",
            "v": "徽剧"
          },
          {
            "n": "闽剧",
            "v": "闽剧"
          },
          {
            "n": "莆仙戏",
            "v": "莆仙戏"
          },
          {
            "n": "梨园戏",
            "v": "梨园戏"
          },
          {
            "n": "高甲戏",
            "v": "高甲戏"
          },
          {
            "n": "赣剧",
            "v": "赣剧"
          },
          {
            "n": "采茶戏",
            "v": "采茶戏"
          },
          {
            "n": "汉剧",
            "v": "汉剧"
          },
          {
            "n": "湘剧",
            "v": "湘剧"
          },
          {
            "n": "祁剧",
            "v": "祁剧"
          },
          {
            "n": "湖南花鼓戏",
            "v": "湖南花鼓戏"
          },
          {
            "n": "粤剧",
            "v": "粤剧"
          },
          {
            "n": "潮剧",
            "v": "潮剧"
          },
          {
            "n": "桂剧",
            "v": "桂剧"
          },
          {
            "n": "彩调",
            "v": "彩调"
          },
          {
            "n": "壮剧",
            "v": "壮剧"
          },
          {
            "n": "川剧",
            "v": "川剧"
          },
          {
            "n": "黔剧",
            "v": "黔剧"
          },
          {
            "n": "滇剧",
            "v": "滇剧"
          },
          {
            "n": "傣剧",
            "v": "傣剧"
          },
          {
            "n": "藏剧",
            "v": "藏剧"
          },
          {
            "n": "皮影戏",
            "v": "皮影戏"
          }
        ]
      },
      {
        "key": "duration",
        "name": "时长",
        "value": [
          {
            "n": "全部",
            "v": "0"
          },
          {
            "n": "60分钟以上",
            "v": "4"
          },
          {
            "n": "30~60分钟",
            "v": "3"
          },
          {
            "n": "10~30分钟",
            "v": "2"
          },
          {
            "n": "10分钟以下",
            "v": "1"
          }
        ]
      }
    ]
  }
}
