 { 
   "请求头": "Dalvik/2.1.0 (Linux; U; Android 10; JNY-AL10 Build/HUAWEIJNY-AL10)",
  "分类": "电视剧$2#电影$1#综艺$3#动漫$4",
  "分类url": "http://api.tyun77.cn/api.php/provide/searchFilter?type_id={cateId}&pagenum={catePg}&pagesize=24",
  "二次截取": "",
  "数组": "data.result[]",
  "图片": "videoCover",
  "标题": "title",
  "副标题": "msg",
  "链接前缀": "http://api.tyun77.cn/api.php/provide/videoPlaylist?devid=453CA5D864457C7DB4D0EAA93DE96E66&package=com.sevenVideo.app.android&pcode=010110002&version=1.8.7&ids=",
  "链接": "id",
  "搜索模式": "1",
  "搜索url": "http://api.tyun77.cn/api.php/provide/searchVideo?pg={pg}&searchName={wd}",
  "搜索二次截取": "",
  "搜索数组": "data[]",
  "搜索图片": "videoCover",
  "搜索标题": "videoName",
  "搜索链接": "id",
  "搜索副标题": "msg",
  "搜索链接前缀": "http://api.tyun77.cn/api.php/provide/videoPlaylist?devid=453CA5D864457C7DB4D0EAA93DE96E66&package=com.sevenVideo.app.android&pcode=010110002&version=1.8.7&ids=",
  "影片地区": "code", "影片类型": "code",
 "状态":"code",
"导演": "useView",
"主演": "code",
"简介": "msg", 
  "线路标题": "",
  "播放二次截取": "",
  "播放列表": "data.episodes[]",
  "播放标题": "title",
  "播放链接": "playurl"
}
