{
  "drives": [
  {"name": "小雅的Alist","server": "http://alist.xiaoya.pro"},
  {"name": "🐱梓澪の妙妙屋","server": "https://xn--i0v44m.xyz"},
  {"name": "🚆资源小站","server": "https://pan.142856.xyz"},
  {"name": "🌤晴园的宝藏库","server": "https://alist.52qy.repl.co"},
  {"name": "🐭米奇妙妙屋","server": "https://anime.mqmmw.ga"},
  {"name": "🔮嗨翻","server": "https://pan.hikerfans.com","password": "5"},
  {"name": "💂小兵组网盘影视","server": "https://6vv.app"},
  {"name": "📀小光盘","server": "https://alist.xiaoguanxiaocheng.life"},
  {"name": "🐋一只鱼","server": "https://alist.youte.ml"},
  {"name": "🌊七米蓝","server": "https://al.chirmyram.com"},
  {"name": "🌴非盘","server": "http://www.feifwp.top"},
  {"name": "🥼帅盘","server": "https://hi.shuaipeng.wang"},
  {"name": "🐉神族九帝","server": "https://alist.shenzjd.com"},
  {"name": "☃姬路白雪","server": "https://pan.jlbx.xyz"},
  {"name": "🎧听闻网盘","server": "https://wangpan.sangxuesheng.com"},
  {"name": "💾DISK","server": "http://124.222.140.243:8080"},
  {"name": "🌨云播放","server": "https://quanzi.laoxianghuijia.cn"},
  {"name": "✨星梦","server": "https://pan.bashroot.top"},
  {"name": "🌊小江","server": "https://dyj.me"},
  {"name": "💫触光","server": "https://pan.ichuguang.com"},
  {"name": "🕵好汉吧","server": "https://8023.haohanba.cn"},
  {"name": "🥗AUNEY","server": "http://121.227.25.116:8008"},
  {"name": "🎡资源小站","server": "https://960303.xyz/"},
  {"name": "🏝fenwe","server": "http://www.fenwe.tk:5244"},
  {"name": "🎢轻弹浅唱","server": "https://g.xiang.lol"}
  ]
}