{
"author":"dj",
"ua":"",
"homeUrl":"http://www.jrskan8.com/",
"cateManual":{"中文高清Q=腾讯|^_^|中文高清M=咪咕":"1"},
"homeVodNode":"//ul[@data-stype='zqlq']",
"homeVodName":"concat(/li[@class='lab_time']/text(),'-',/li[@class='lab_events']/span/text())",
"homeVodId":"/li[@class='lab_channel']/a[2]/@href",
"homeVodIdR":"http://play.sportsteam685.com/play/steam(\\d+).html",
"homeVodImg":"/li[@class='lab_team_home']/span/img/@src",
"homeVodMark":"concat(//li[@class='lab_team_home']/strong/text(),'-',//li[@class='lab_team_away']/strong/text())",
"home":"dj",
"cateUrl":"http://www.jrskan8.com/",
"cateVodNode":"//ul[@data-stype='zqlq']",
"cateVodName":"concat(/li[@class='lab_time']/text(),'-',/li[@class='lab_events']/span/text())",
"cateVodId":"/li[@class='lab_channel']/a[2]/@href",
"cateVodIdR":"http://play.sportsteam685.com/play/steam(\\d+).html",
"cateVodImg":"/li[@class='lab_team_home']/span/img/@src",
"cateVodMark":"concat(//li[@class='lab_team_home']/strong/text(),'-',//li[@class='lab_team_away']/strong/text())",
"cate":"dj",
"dtUrl":"http://play.sportsteam685.com/play/steam{vid}.html",
"dtNode":"//ul[@data-stype='zqlq']",
"dtName":"/li[1]/span/text()",
"dtImg":"/li[3]/span/img/@src",
"dtCate":"/li[1]/span/text()",
"dtDirector":"concat('勇士总冠军')",
"dtDirectorR":"",
"dtDesc":"concat(/li[3]/strong/text(),'-',/li[5]/strong/text())",
"dtFromNode":"//div[@class='sub_channel']/a/strong",
"dtFromName":"concat(/text())",
"dtFromNameR":"",
"dtUrlNode":"//div[@class='sub_channel']",
"dtUrlSubNode":"/a",
"dtUrlSub":"/ff",
"dtUrlId":"@data-play",
"dtUrlIdR":"/play/(\\S+)",
"dtUrlName":"/strong/text()",
"dtUrlNameR":"",
"playUrl":"http://play.sportsteam685.com/play/{playUrl}#ff"
}
