{
	"作者": "心魔",
	"站名": "6v电影",
	"主页url": "https://www.66ss.org/",
	"数组": "post box row fixed-hight&&info_category info_ico",
	
	"图片": "img src=\"&&\"",
	"标题": "title=\"&&\"",
	"链接": "href=\"&&\"",
	"链接前缀": "",
	"链接后缀": "",
	"副标题": "",
	"搜索url": "https://www.66ss.org/e/search/result/?searchid={wd}",
	"搜索数组": "",
	"搜索图片": "",
	"搜索标题": "",
	"搜索链接": "",
	"搜索副标题": "",
	"影片类型": "类型：&&</li>",
	"影片年代": "年份：&&</a>",
	"影片地区": "地区：&&</a>",
	"影片状态": "状态：&&</li>",
	"导演": "导演：&&</li>",
	"主演": "主演：&&</li>",
	"简介": "介</p><p>&&<br/>",
	"嗅探词": ".m3u8#m3u8?#.mp4#mp4?#ixigua#.czspp#.flv#.mp3#.m4a#?item/video#is_play_url=1#play/?#qianpailive",
	"线路二次截取": "",
	"线路数组": "",
	"线路标题": "\">&&</a>",
	"播放数组": "",
	"播放列表": "",
	"播放标题": ">&&</a>",
	"播放链接": "href=\"&&\"",
	"分类url": "https://www.66ss.org/{cateId}/index_{catePg}.html[https://www.66ss.org/{cateId}]",
	"分类": "喜剧片$xijupian#动作片$dongzuopian#爱情片$aiqingpian#科幻片$kehuanpian#恐怖片$kongbupian#剧情片$juqingpian#战争片$zhanzhengpian#纪录片$jilupian#动画片$donghuapian#电视剧$dianshiju#综艺$ZongYi#"
}