{
    "规则名": "80影视",
    "规则作者": "心魔",
    "请求头参数": "手机",
    "网页编码格式": "UTF-8",
    "图片是否需要代理": "0",
    "是否开启获取首页数据": "1",
    "首页推荐链接": "https://www.80yk.com/news",
    "首页列表数组规则": "body&&.mi_ne_kd",
    "首页片单列表数组规则": "li",
    "首页片单是否Jsoup写法": "1",
    "分类起始页码": "1",
    "分类链接": "https://www.80yk.com/{cateId}/page/{catePg}",
    "分类名称": "电影&电视剧&综艺&动漫&纪录片",
    "分类名称替换词": "mov_dy&juji&movie_bt_series/zongyi&movie_bt_series/fun&movie_bt_series/jilu",
    //"筛选数据": {},
    "筛选数据": "ext",
    //{cateId}
    "筛选子分类名称": "",
    "筛选子分类替换词": "",
    //{class}
    "筛选类型名称": "",
    "筛选类型替换词": "*",
    //{area}
    "筛选地区名称": "",
    "筛选地区替换词": "*",
    //{year}
    "筛选年份名称": "",
    "筛选年份替换词": "*",
    //{lang}
    "筛选语言名称": "",
    "筛选语言替换词": "*",
    //{by}
    "筛选排序名称": "时间&人气&评分",
    "筛选排序替换词": "time&hits&score",
    "分类截取模式": "1",
    "分类列表数组规则": "body&&.mi_ne_kd.mrb&&li",
    "分类片单是否Jsoup写法": "1",
    "分类片单标题": ".thumb.lazy&&alt",
    "分类片单链接": "a&&href",
    "分类片单图片": ".thumb.lazy&&data-original",
    "分类片单副标题": ".pic-text&&Text",
    "分类片单链接加前缀": "",
    "分类片单链接加后缀": "",
    "搜索请求头参数": "User-Agent$手机",
    "搜索链接": "https://www.80yk.com/?s={wd}",
    "POST请求数据": "searchword={wd}",
    "搜索截取模式": "1",
    "搜索列表数组规则": "body&&.search_list&&a",
    "搜索片单是否Jsoup写法": "1",
    "搜索片单图片": ".thumb.lazy&&data-original",
    "搜索片单标题": ".thumb.lazy&&alt",
    "搜索片单链接": "a&&href",
    "搜索片单副标题": ".module-item-note&&Text",
    "搜索片单链接加前缀": "",
    "搜索片单链接加后缀": "",
    "链接是否直接播放": "0",
    "直接播放链接加前缀": "",
    "直接播放链接加后缀": "",
    "直接播放直链视频请求头": "",
    "详情是否Jsoup写法": "0",
    "类型详情": ">类型：&&</a>",
    "年代详情": ">年份：&&</a>",
    "地区详情": ">地区：&&</a>",
    "演员详情": ">主演：&&</p>",
    "简介详情": "简介：</span>&&</p>",
    "线路列表数组规则": "",
    "线路标题": ".ypxingq_t,1&&Text",
    "播放列表数组规则": "body&&.paly_list_btn",
    "选集列表数组规则": "a",
    "选集标题链接是否Jsoup写法": "1",
    "选集标题": "a&&Text",
    "选集链接": "a&&href",
    "是否反转选集序列": "0",
    "选集链接加前缀": "",
    "选集链接加后缀": "",
    "分析MacPlayer": "0",
    "是否开启手动嗅探": "0",
    "手动嗅探视频链接关键词": ".mp4#.m3u8#.flv#video/tos",
    "手动嗅探视频链接过滤词": ".html#=http"
}