{
	"站名": "大豆高清",
	"主页url": "https://www.dadou.pro/",
	"热门": "",
	"分类": "电影$1#电视剧$2#综艺$3#番剧$4#纪录$39#",
	"分类url": "https://www.dadou.pro/vodshow/{cateId}-{area}-{by}-{class}-----{catePg}---.html",
	"数组": "\"show_play\"&&</li",
	"图片": "data-original=\"&&\"",
	"标题": "title=\"&&\"",
	"副标题": "",
	"链接前缀": "",
	"链接": "href=\"&&\"",
	"链接后缀": ".html",
	"搜索模式": "1",
	"搜索url": "",
	"搜索数组": "",
	"搜索副标题": "",
	"年代": "年份：&&</a>",
	"地区": "地区：&&</a>",
	"类型": "类型：&&</a>",
	"导演": "导演：&&</p>",
	"主演": "主演：&&</p>",
	"简介": "id=\"content\">&&</div>",
	"嗅探词": ".m3u8#.mp4#.flv#.m4a#.avi#.mkv#.mov#.3gp#.asf#.rm#.rmvb#.wmv#.mpg#.mpeg#.mpe#.ts#.vob#.mp3#.wma",
	"线路数组": "\"tab-switch swiper-slide\"&&</a>",
	"线路标题": ">&&</a>",
	"播放数组": "\"con_c2_list\"&&</ul>",
	"播放列表": "<li&&</li>",
	"播放标题": "title=\"&&\"",
	"播放链接": "href=\"&&\""
}