{
  "作者": "心魔",
  "站名": "皮皮鸭（有验证）",
  "主页url": "https://www.pipiya.cc/",
  "数组": "public-list-box public-pic-b&&time-title hide ft4",
  "直接播放": "0",
  "图片": "data-original=\"&&\"",
  "标题": "title=\"&&\"",
  "链接": "href=\"&&\"",
  "链接前缀": "",
  "链接后缀": "",
  "副标题": "",
  "搜索url": "",
  "搜索数组": "",
  "搜索图片": "",
  "搜索标题": "",
  "搜索链接": "",
  "搜索副标题": "",
  "影片类型": "类型：&&</li>",
  "影片年代": "年份：&&</a>",
  "影片地区": "地区：&&</a>",
  "影片状态": "状态：&&</li>",
  "导演": "导演：&&</li>",
  "主演": "主演：&&</li>",
  "简介": "check text selected cor3\">&&</div>",
  "嗅探词":".m3u8#.mp4#.flv#.m4a#.avi#.mkv#.mov#.3gp#.asf#.rm#.rmvb#.wmv#.mpg#.mpeg#.mpe#.ts#.vob#.mp3#.wma",
  "线路数组": "swiper-slide&&</a>",
  "线路标题": "nbsp;&&<span",
  "播放数组": "",
  "播放列表": "",
  "播放标题": "",
  "播放链接": "",
  "分类url": "https://www.pipiya.cc/vodshow/{cateId}/area/{area}/by/{by}/class/{class}/lang/{lang}/page/{catePg}/year/{year}.html",
  "分类": "电影$20#剧集$26#日韩剧$22#美剧$21#动漫$25",
  "筛选": {
    "20": [
      {
        "key": "cateId",
        "name": "分类",
        "value": [
          {
            "n": "全部",
            "v": "1"
          },
          {
            "n": "动作片",
            "v": "101"
          },
          {
            "n": "喜剧片",
            "v": "102"
          },
          {
            "n": "爱情片",
            "v": "103"
          },
          {
            "n": "科幻片",
            "v": "104"
          },
          {
            "n": "剧情片",
            "v": "105"
          },
          {
            "n": "悬疑片",
            "v": "106"
          },
          {
            "n": "惊悚片",
            "v": "107"
          },
          {
            "n": "恐怖片",
            "v": "108"
          },
          {
            "n": "犯罪片",
            "v": "109"
          },
          {
            "n": "冒险片",
            "v": "111"
          },
          {
            "n": "奇幻片",
            "v": "112"
          },
          {
            "n": "灾难片",
            "v": "113"
          },
          {
            "n": "战争片",
            "v": "114"
          },
          {
            "n": "动画片",
            "v": "115"
          },
          {
            "n": "歌舞片",
            "v": "116"
          },
          {
            "n": "历史片",
            "v": "117"
          },
          {
            "n": "传记片",
            "v": "118"
          },
          {
            "n": "其他片",
            "v": "119"
          },
          {
            "n": "伦理片",
            "v": "227"
          }
        ]
      },
      {
        "key": "class",
        "name": "类型",
        "value": [
          {
            "n": "全部",
            "v": ""
          },
          {
            "n": "剧情",
            "v": "剧情"
          },
          {
            "n": "悬疑",
            "v": "悬疑"
          },
          {
            "n": "动作",
            "v": "动作"
          },
          {
            "n": "喜剧",
            "v": "喜剧"
          },
          {
            "n": "爱情",
            "v": "爱情"
          },
          {
            "n": "科幻",
            "v": "科幻"
          },
          {
            "n": "惊悚",
            "v": "惊悚"
          },
          {
            "n": "恐怖",
            "v": "恐怖"
          },
          {
            "n": "犯罪",
            "v": "犯罪"
          },
          {
            "n": "谍战",
            "v": "谍战"
          },
          {
            "n": "冒险",
            "v": "冒险"
          },
          {
            "n": "奇幻",
            "v": "奇幻"
          },
          {
            "n": "灾难",
            "v": "灾难"
          },
          {
            "n": "战争",
            "v": "战争"
          },
          {
            "n": "动画",
            "v": "动画"
          },
          {
            "n": "歌舞",
            "v": "歌舞"
          },
          {
            "n": "历史",
            "v": "历史"
          },
          {
            "n": "传记",
            "v": "传记"
          },
          {
            "n": "纪录",
            "v": "纪录"
          },
          {
            "n": "其他",
            "v": "其他"
          }
        ]
      },
      {
        "key": "area",
        "name": "地区",
        "value": [
          {
            "n": "全部",
            "v": ""
          },
          {
            "n": "大陆",
            "v": "大陆"
          },
          {
            "n": "香港",
            "v": "香港"
          },
          {
            "n": "台湾",
            "v": "台湾"
          },
          {
            "n": "美国",
            "v": "美国"
          },
          {
            "n": "韩国",
            "v": "韩国"
          },
          {
            "n": "日本",
            "v": "日本"
          },
          {
            "n": "法国",
            "v": "法国"
          },
          {
            "n": "英国",
            "v": "英国"
          },
          {
            "n": "德国",
            "v": "德国"
          },
          {
            "n": "泰国",
            "v": "泰国"
          },
          {
            "n": "印度",
            "v": "印度"
          },
          {
            "n": "其他",
            "v": "其他"
          }
        ]
      },
      {
        "key": "lang",
        "name": "语言",
        "value": [
          {
            "n": "全部",
            "v": ""
          },
          {
            "n": "国语",
            "v": "国语"
          },
          {
            "n": "英语",
            "v": "英语"
          },
          {
            "n": "粤语",
            "v": "粤语"
          },
          {
            "n": "闽南语",
            "v": "闽南语"
          },
          {
            "n": "韩语",
            "v": "韩语"
          },
          {
            "n": "日语",
            "v": "日语"
          },
          {
            "n": "法语",
            "v": "法语"
          },
          {
            "n": "德语",
            "v": "德语"
          },
          {
            "n": "其它",
            "v": "其它"
          }
        ]
      },
      {
        "key": "year",
        "name": "年代",
        "value": [
          {
            "n": "全部",
            "v": ""
          },
          {
            "n": "2023",
            "v": "2023"
          },
          {
            "n": "2022",
            "v": "2022"
          },
          {
            "n": "2021",
            "v": "2021"
          },
          {
            "n": "2020",
            "v": "2020"
          },
          {
            "n": "2019",
            "v": "2019"
          },
          {
            "n": "2018",
            "v": "2018"
          },
          {
            "n": "2017",
            "v": "2017"
          },
          {
            "n": "2016",
            "v": "2016"
          },
          {
            "n": "2015",
            "v": "2015"
          },
          {
            "n": "2014",
            "v": "2014"
          },
          {
            "n": "2013",
            "v": "2013"
          },
          {
            "n": "2012",
            "v": "2012"
          },
          {
            "n": "2011",
            "v": "2011"
          },
          {
            "n": "2010",
            "v": "2010"
          },
          {
            "n": "2009",
            "v": "2009"
          },
          {
            "n": "2008",
            "v": "2008"
          },
          {
            "n": "2007",
            "v": "2007"
          },
          {
            "n": "2006",
            "v": "2006"
          },
          {
            "n": "2005",
            "v": "2005"
          },
          {
            "n": "2004",
            "v": "2004"
          },
          {
            "n": "2003",
            "v": "2003"
          },
          {
            "n": "2002",
            "v": "2002"
          },
          {
            "n": "2001",
            "v": "2001"
          },
          {
            "n": "2000",
            "v": "2000"
          }
        ]
      },
      {
        "key": "letter",
        "name": "字母",
        "value": [
          {
            "n": "全部",
            "v": ""
          },
          {
            "n": "A",
            "v": "A"
          },
          {
            "n": "B",
            "v": "B"
          },
          {
            "n": "C",
            "v": "C"
          },
          {
            "n": "D",
            "v": "D"
          },
          {
            "n": "E",
            "v": "E"
          },
          {
            "n": "F",
            "v": "F"
          },
          {
            "n": "G",
            "v": "G"
          },
          {
            "n": "H",
            "v": "H"
          },
          {
            "n": "I",
            "v": "I"
          },
          {
            "n": "J",
            "v": "J"
          },
          {
            "n": "K",
            "v": "K"
          },
          {
            "n": "L",
            "v": "L"
          },
          {
            "n": "M",
            "v": "M"
          },
          {
            "n": "N",
            "v": "N"
          },
          {
            "n": "O",
            "v": "O"
          },
          {
            "n": "P",
            "v": "P"
          },
          {
            "n": "Q",
            "v": "Q"
          },
          {
            "n": "R",
            "v": "R"
          },
          {
            "n": "S",
            "v": "S"
          },
          {
            "n": "T",
            "v": "T"
          },
          {
            "n": "U",
            "v": "U"
          },
          {
            "n": "V",
            "v": "V"
          },
          {
            "n": "W",
            "v": "W"
          },
          {
            "n": "X",
            "v": "X"
          },
          {
            "n": "Y",
            "v": "Y"
          },
          {
            "n": "Z",
            "v": "Z"
          },
          {
            "n": "1",
            "v": "1"
          },
          {
            "n": "2",
            "v": "2"
          },
          {
            "n": "3",
            "v": "3"
          },
          {
            "n": "4",
            "v": "4"
          },
          {
            "n": "5",
            "v": "5"
          },
          {
            "n": "6",
            "v": "6"
          },
          {
            "n": "7",
            "v": "7"
          },
          {
            "n": "8",
            "v": "8"
          },
          {
            "n": "9",
            "v": "9"
          },
          {
            "n": "0",
            "v": ""
          }
        ]
      },
      {
        "key": "by",
        "name": "排序",
        "value": [
          {
            "n": "时间",
            "v": "time"
          },
          {
            "n": "人气",
            "v": "hits"
          },
          {
            "n": "评分",
            "v": "score"
          }
        ]
      }
    ],
    "26": [
      {
        "key": "cateId",
        "name": "分类",
        "value": [
          {
            "n": "全部",
            "v": "2"
          },
          {
            "n": "国产剧",
            "v": "201"
          },
          {
            "n": "日韩剧",
            "v": "203"
          },
          {
            "n": "欧美剧",
            "v": "204"
          },
          {
            "n": "香港剧",
            "v": "202"
          },
          {
            "n": "台湾剧",
            "v": "226"
          },
          {
            "n": "海外剧",
            "v": "205"
          },
          {
            "n": "其他剧",
            "v": "206"
          }
        ]
      },
      {
        "key": "class",
        "name": "类型",
        "value": [
          {
            "n": "全部",
            "v": ""
          },
          {
            "n": "爱情",
            "v": "爱情"
          },
          {
            "n": "古装",
            "v": "古装"
          },
          {
            "n": "都市",
            "v": "都市"
          },
          {
            "n": "剧情",
            "v": "剧情"
          },
          {
            "n": "悬疑",
            "v": "悬疑"
          },
          {
            "n": "古装",
            "v": "古装"
          },
          {
            "n": "武侠",
            "v": "武侠"
          },
          {
            "n": "神话",
            "v": "神话"
          },
          {
            "n": "喜剧",
            "v": "喜剧"
          },
          {
            "n": "青春",
            "v": "青春"
          },
          {
            "n": "科幻",
            "v": "科幻"
          },
          {
            "n": "军事",
            "v": "军事"
          },
          {
            "n": "警匪",
            "v": "警匪"
          },
          {
            "n": "谍战",
            "v": "谍战"
          },
          {
            "n": "奇幻",
            "v": "奇幻"
          },
          {
            "n": "偶像",
            "v": "偶像"
          },
          {
            "n": "年代",
            "v": "年代"
          },
          {
            "n": "乡村",
            "v": "乡村"
          },
          {
            "n": "家庭",
            "v": "家庭"
          },
          {
            "n": "历史",
            "v": "历史"
          },
          {
            "n": "其他",
            "v": "其他"
          }
        ]
      },
      {
        "key": "area",
        "name": "地区",
        "value": [
          {
            "n": "全部",
            "v": ""
          },
          {
            "n": "大陆",
            "v": "大陆"
          },
          {
            "n": "香港",
            "v": "香港"
          },
          {
            "n": "台湾",
            "v": "台湾"
          },
          {
            "n": "美国",
            "v": "美国"
          },
          {
            "n": "韩国",
            "v": "韩国"
          },
          {
            "n": "日本",
            "v": "日本"
          },
          {
            "n": "法国",
            "v": "法国"
          },
          {
            "n": "英国",
            "v": "英国"
          },
          {
            "n": "德国",
            "v": "德国"
          },
          {
            "n": "泰国",
            "v": "泰国"
          },
          {
            "n": "印度",
            "v": "印度"
          },
          {
            "n": "其他",
            "v": "其他"
          }
        ]
      },
      {
        "key": "lang",
        "name": "语言",
        "value": [
          {
            "n": "全部",
            "v": ""
          },
          {
            "n": "国语",
            "v": "国语"
          },
          {
            "n": "英语",
            "v": "英语"
          },
          {
            "n": "粤语",
            "v": "粤语"
          },
          {
            "n": "闽南语",
            "v": "闽南语"
          },
          {
            "n": "韩语",
            "v": "韩语"
          },
          {
            "n": "日语",
            "v": "日语"
          },
          {
            "n": "法语",
            "v": "法语"
          },
          {
            "n": "德语",
            "v": "德语"
          },
          {
            "n": "其它",
            "v": "其它"
          }
        ]
      },
      {
        "key": "year",
        "name": "年代",
        "value": [
          {
            "n": "全部",
            "v": ""
          },
          {
            "n": "2023",
            "v": "2023"
          },
          {
            "n": "2022",
            "v": "2022"
          },
          {
            "n": "2021",
            "v": "2021"
          },
          {
            "n": "2020",
            "v": "2020"
          },
          {
            "n": "2019",
            "v": "2019"
          },
          {
            "n": "2018",
            "v": "2018"
          },
          {
            "n": "2017",
            "v": "2017"
          },
          {
            "n": "2016",
            "v": "2016"
          },
          {
            "n": "2015",
            "v": "2015"
          },
          {
            "n": "2014",
            "v": "2014"
          },
          {
            "n": "2013",
            "v": "2013"
          },
          {
            "n": "2012",
            "v": "2012"
          },
          {
            "n": "2011",
            "v": "2011"
          },
          {
            "n": "2010",
            "v": "2010"
          },
          {
            "n": "2009",
            "v": "2009"
          },
          {
            "n": "2008",
            "v": "2008"
          },
          {
            "n": "2007",
            "v": "2007"
          },
          {
            "n": "2006",
            "v": "2006"
          },
          {
            "n": "2005",
            "v": "2005"
          },
          {
            "n": "2004",
            "v": "2004"
          },
          {
            "n": "2003",
            "v": "2003"
          },
          {
            "n": "2002",
            "v": "2002"
          },
          {
            "n": "2001",
            "v": "2001"
          },
          {
            "n": "2000",
            "v": "2000"
          }
        ]
      },
      {
        "key": "letter",
        "name": "字母",
        "value": [
          {
            "n": "全部",
            "v": ""
          },
          {
            "n": "A",
            "v": "A"
          },
          {
            "n": "B",
            "v": "B"
          },
          {
            "n": "C",
            "v": "C"
          },
          {
            "n": "D",
            "v": "D"
          },
          {
            "n": "E",
            "v": "E"
          },
          {
            "n": "F",
            "v": "F"
          },
          {
            "n": "G",
            "v": "G"
          },
          {
            "n": "H",
            "v": "H"
          },
          {
            "n": "I",
            "v": "I"
          },
          {
            "n": "J",
            "v": "J"
          },
          {
            "n": "K",
            "v": "K"
          },
          {
            "n": "L",
            "v": "L"
          },
          {
            "n": "M",
            "v": "M"
          },
          {
            "n": "N",
            "v": "N"
          },
          {
            "n": "O",
            "v": "O"
          },
          {
            "n": "P",
            "v": "P"
          },
          {
            "n": "Q",
            "v": "Q"
          },
          {
            "n": "R",
            "v": "R"
          },
          {
            "n": "S",
            "v": "S"
          },
          {
            "n": "T",
            "v": "T"
          },
          {
            "n": "U",
            "v": "U"
          },
          {
            "n": "V",
            "v": "V"
          },
          {
            "n": "W",
            "v": "W"
          },
          {
            "n": "X",
            "v": "X"
          },
          {
            "n": "Y",
            "v": "Y"
          },
          {
            "n": "Z",
            "v": "Z"
          },
          {
            "n": "1",
            "v": "1"
          },
          {
            "n": "2",
            "v": "2"
          },
          {
            "n": "3",
            "v": "3"
          },
          {
            "n": "4",
            "v": "4"
          },
          {
            "n": "5",
            "v": "5"
          },
          {
            "n": "6",
            "v": "6"
          },
          {
            "n": "7",
            "v": "7"
          },
          {
            "n": "8",
            "v": "8"
          },
          {
            "n": "9",
            "v": "9"
          },
          {
            "n": "0",
            "v": ""
          }
        ]
      },
      {
        "key": "by",
        "name": "排序",
        "value": [
          {
            "n": "时间",
            "v": "time"
          },
          {
            "n": "人气",
            "v": "hits"
          },
          {
            "n": "评分",
            "v": "score"
          }
        ]
      }
    ],
    "22": [
      {
        "key": "class",
        "name": "类型",
        "value": [
          {
            "n": "全部",
            "v": ""
          },
          {
            "n": "脱口秀",
            "v": "脱口秀"
          },
          {
            "n": "真人秀",
            "v": "真人秀"
          },
          {
            "n": "搞笑",
            "v": "搞笑"
          },
          {
            "n": "访谈",
            "v": "访谈"
          },
          {
            "n": "生活",
            "v": "生活"
          },
          {
            "n": "美食",
            "v": "美食"
          },
          {
            "n": "亲子",
            "v": "亲子"
          },
          {
            "n": "旅游",
            "v": "旅游"
          },
          {
            "n": "文化",
            "v": "文化"
          },
          {
            "n": "体育",
            "v": "体育"
          },
          {
            "n": "时尚",
            "v": "时尚"
          },
          {
            "n": "纪实",
            "v": "纪实"
          },
          {
            "n": "益智",
            "v": "益智"
          },
          {
            "n": "演艺",
            "v": "演艺"
          },
          {
            "n": "歌舞",
            "v": "歌舞"
          },
          {
            "n": "音乐",
            "v": "音乐"
          },
          {
            "n": "其他",
            "v": "其他"
          }
        ]
      },
      {
        "key": "area",
        "name": "地区",
        "value": [
          {
            "n": "全部",
            "v": ""
          },
          {
            "n": "大陆",
            "v": "大陆"
          },
          {
            "n": "香港",
            "v": "香港"
          },
          {
            "n": "台湾",
            "v": "台湾"
          },
          {
            "n": "美国",
            "v": "美国"
          },
          {
            "n": "韩国",
            "v": "韩国"
          },
          {
            "n": "日本",
            "v": "日本"
          },
          {
            "n": "法国",
            "v": "法国"
          },
          {
            "n": "英国",
            "v": "英国"
          },
          {
            "n": "德国",
            "v": "德国"
          },
          {
            "n": "泰国",
            "v": "泰国"
          },
          {
            "n": "印度",
            "v": "印度"
          },
          {
            "n": "其他",
            "v": "其他"
          }
        ]
      },
      {
        "key": "lang",
        "name": "语言",
        "value": [
          {
            "n": "全部",
            "v": ""
          },
          {
            "n": "国语",
            "v": "国语"
          },
          {
            "n": "英语",
            "v": "英语"
          },
          {
            "n": "粤语",
            "v": "粤语"
          },
          {
            "n": "闽南语",
            "v": "闽南语"
          },
          {
            "n": "韩语",
            "v": "韩语"
          },
          {
            "n": "日语",
            "v": "日语"
          },
          {
            "n": "法语",
            "v": "法语"
          },
          {
            "n": "德语",
            "v": "德语"
          },
          {
            "n": "其它",
            "v": "其它"
          }
        ]
      },
      {
        "key": "year",
        "name": "年代",
        "value": [
          {
            "n": "全部",
            "v": ""
          },
          {
            "n": "2023",
            "v": "2023"
          },
          {
            "n": "2022",
            "v": "2022"
          },
          {
            "n": "2021",
            "v": "2021"
          },
          {
            "n": "2020",
            "v": "2020"
          },
          {
            "n": "2019",
            "v": "2019"
          },
          {
            "n": "2018",
            "v": "2018"
          },
          {
            "n": "2017",
            "v": "2017"
          },
          {
            "n": "2016",
            "v": "2016"
          },
          {
            "n": "2015",
            "v": "2015"
          },
          {
            "n": "2014",
            "v": "2014"
          },
          {
            "n": "2013",
            "v": "2013"
          },
          {
            "n": "2012",
            "v": "2012"
          },
          {
            "n": "2011",
            "v": "2011"
          },
          {
            "n": "2010",
            "v": "2010"
          },
          {
            "n": "2009",
            "v": "2009"
          },
          {
            "n": "2008",
            "v": "2008"
          },
          {
            "n": "2007",
            "v": "2007"
          },
          {
            "n": "2006",
            "v": "2006"
          },
          {
            "n": "2005",
            "v": "2005"
          },
          {
            "n": "2004",
            "v": "2004"
          },
          {
            "n": "2003",
            "v": "2003"
          },
          {
            "n": "2002",
            "v": "2002"
          },
          {
            "n": "2001",
            "v": "2001"
          },
          {
            "n": "2000",
            "v": "2000"
          }
        ]
      },
      {
        "key": "letter",
        "name": "字母",
        "value": [
          {
            "n": "全部",
            "v": ""
          },
          {
            "n": "A",
            "v": "A"
          },
          {
            "n": "B",
            "v": "B"
          },
          {
            "n": "C",
            "v": "C"
          },
          {
            "n": "D",
            "v": "D"
          },
          {
            "n": "E",
            "v": "E"
          },
          {
            "n": "F",
            "v": "F"
          },
          {
            "n": "G",
            "v": "G"
          },
          {
            "n": "H",
            "v": "H"
          },
          {
            "n": "I",
            "v": "I"
          },
          {
            "n": "J",
            "v": "J"
          },
          {
            "n": "K",
            "v": "K"
          },
          {
            "n": "L",
            "v": "L"
          },
          {
            "n": "M",
            "v": "M"
          },
          {
            "n": "N",
            "v": "N"
          },
          {
            "n": "O",
            "v": "O"
          },
          {
            "n": "P",
            "v": "P"
          },
          {
            "n": "Q",
            "v": "Q"
          },
          {
            "n": "R",
            "v": "R"
          },
          {
            "n": "S",
            "v": "S"
          },
          {
            "n": "T",
            "v": "T"
          },
          {
            "n": "U",
            "v": "U"
          },
          {
            "n": "V",
            "v": "V"
          },
          {
            "n": "W",
            "v": "W"
          },
          {
            "n": "X",
            "v": "X"
          },
          {
            "n": "Y",
            "v": "Y"
          },
          {
            "n": "Z",
            "v": "Z"
          },
          {
            "n": "1",
            "v": "1"
          },
          {
            "n": "2",
            "v": "2"
          },
          {
            "n": "3",
            "v": "3"
          },
          {
            "n": "4",
            "v": "4"
          },
          {
            "n": "5",
            "v": "5"
          },
          {
            "n": "6",
            "v": "6"
          },
          {
            "n": "7",
            "v": "7"
          },
          {
            "n": "8",
            "v": "8"
          },
          {
            "n": "9",
            "v": "9"
          },
          {
            "n": "0",
            "v": ""
          }
        ]
      },
      {
        "key": "by",
        "name": "排序",
        "value": [
          {
            "n": "时间",
            "v": "time"
          },
          {
            "n": "人气",
            "v": "hits"
          },
          {
            "n": "评分",
            "v": "score"
          }
        ]
      }
    ],
    "21": [
      {
        "key": "class",
        "name": "类型",
        "value": [
          {
            "n": "全部",
            "v": ""
          },
          {
            "n": "热血",
            "v": "热血"
          },
          {
            "n": "冒险",
            "v": "冒险"
          },
          {
            "n": "格斗",
            "v": "格斗"
          },
          {
            "n": "恋爱",
            "v": "恋爱"
          },
          {
            "n": "美少女",
            "v": "美少女"
          },
          {
            "n": "校园",
            "v": "校园"
          },
          {
            "n": "搞笑",
            "v": "搞笑"
          },
          {
            "n": "机战",
            "v": "机战"
          },
          {
            "n": "科幻",
            "v": "科幻"
          },
          {
            "n": "青春",
            "v": "青春"
          },
          {
            "n": "魔法",
            "v": "魔法"
          },
          {
            "n": "神话",
            "v": "神话"
          }
        ]
      },
      {
        "key": "area",
        "name": "地区",
        "value": [
          {
            "n": "全部",
            "v": ""
          },
          {
            "n": "大陆",
            "v": "大陆"
          },
          {
            "n": "香港",
            "v": "香港"
          },
          {
            "n": "台湾",
            "v": "台湾"
          },
          {
            "n": "美国",
            "v": "美国"
          },
          {
            "n": "韩国",
            "v": "韩国"
          },
          {
            "n": "日本",
            "v": "日本"
          },
          {
            "n": "法国",
            "v": "法国"
          },
          {
            "n": "英国",
            "v": "英国"
          },
          {
            "n": "德国",
            "v": "德国"
          },
          {
            "n": "泰国",
            "v": "泰国"
          },
          {
            "n": "印度",
            "v": "印度"
          },
          {
            "n": "其他",
            "v": "其他"
          }
        ]
      },
      {
        "key": "lang",
        "name": "语言",
        "value": [
          {
            "n": "全部",
            "v": ""
          },
          {
            "n": "国语",
            "v": "国语"
          },
          {
            "n": "英语",
            "v": "英语"
          },
          {
            "n": "粤语",
            "v": "粤语"
          },
          {
            "n": "闽南语",
            "v": "闽南语"
          },
          {
            "n": "韩语",
            "v": "韩语"
          },
          {
            "n": "日语",
            "v": "日语"
          },
          {
            "n": "法语",
            "v": "法语"
          },
          {
            "n": "德语",
            "v": "德语"
          },
          {
            "n": "其它",
            "v": "其它"
          }
        ]
      },
      {
        "key": "year",
        "name": "年代",
        "value": [
          {
            "n": "全部",
            "v": ""
          },
          {
            "n": "2023",
            "v": "2023"
          },
          {
            "n": "2022",
            "v": "2022"
          },
          {
            "n": "2021",
            "v": "2021"
          },
          {
            "n": "2020",
            "v": "2020"
          },
          {
            "n": "2019",
            "v": "2019"
          },
          {
            "n": "2018",
            "v": "2018"
          },
          {
            "n": "2017",
            "v": "2017"
          },
          {
            "n": "2016",
            "v": "2016"
          },
          {
            "n": "2015",
            "v": "2015"
          },
          {
            "n": "2014",
            "v": "2014"
          },
          {
            "n": "2013",
            "v": "2013"
          },
          {
            "n": "2012",
            "v": "2012"
          },
          {
            "n": "2011",
            "v": "2011"
          },
          {
            "n": "2010",
            "v": "2010"
          },
          {
            "n": "2009",
            "v": "2009"
          },
          {
            "n": "2008",
            "v": "2008"
          },
          {
            "n": "2007",
            "v": "2007"
          },
          {
            "n": "2006",
            "v": "2006"
          },
          {
            "n": "2005",
            "v": "2005"
          },
          {
            "n": "2004",
            "v": "2004"
          },
          {
            "n": "2003",
            "v": "2003"
          },
          {
            "n": "2002",
            "v": "2002"
          },
          {
            "n": "2001",
            "v": "2001"
          },
          {
            "n": "2000",
            "v": "2000"
          }
        ]
      },
      {
        "key": "letter",
        "name": "字母",
        "value": [
          {
            "n": "全部",
            "v": ""
          },
          {
            "n": "A",
            "v": "A"
          },
          {
            "n": "B",
            "v": "B"
          },
          {
            "n": "C",
            "v": "C"
          },
          {
            "n": "D",
            "v": "D"
          },
          {
            "n": "E",
            "v": "E"
          },
          {
            "n": "F",
            "v": "F"
          },
          {
            "n": "G",
            "v": "G"
          },
          {
            "n": "H",
            "v": "H"
          },
          {
            "n": "I",
            "v": "I"
          },
          {
            "n": "J",
            "v": "J"
          },
          {
            "n": "K",
            "v": "K"
          },
          {
            "n": "L",
            "v": "L"
          },
          {
            "n": "M",
            "v": "M"
          },
          {
            "n": "N",
            "v": "N"
          },
          {
            "n": "O",
            "v": "O"
          },
          {
            "n": "P",
            "v": "P"
          },
          {
            "n": "Q",
            "v": "Q"
          },
          {
            "n": "R",
            "v": "R"
          },
          {
            "n": "S",
            "v": "S"
          },
          {
            "n": "T",
            "v": "T"
          },
          {
            "n": "U",
            "v": "U"
          },
          {
            "n": "V",
            "v": "V"
          },
          {
            "n": "W",
            "v": "W"
          },
          {
            "n": "X",
            "v": "X"
          },
          {
            "n": "Y",
            "v": "Y"
          },
          {
            "n": "Z",
            "v": "Z"
          },
          {
            "n": "1",
            "v": "1"
          },
          {
            "n": "2",
            "v": "2"
          },
          {
            "n": "3",
            "v": "3"
          },
          {
            "n": "4",
            "v": "4"
          },
          {
            "n": "5",
            "v": "5"
          },
          {
            "n": "6",
            "v": "6"
          },
          {
            "n": "7",
            "v": "7"
          },
          {
            "n": "8",
            "v": "8"
          },
          {
            "n": "9",
            "v": "9"
          },
          {
            "n": "0",
            "v": ""
          }
        ]
      },
      {
        "key": "by",
        "name": "排序",
        "value": [
          {
            "n": "时间",
            "v": "time"
          },
          {
            "n": "人气",
            "v": "hits"
          },
          {
            "n": "评分",
            "v": "score"
          }
        ]
      }
    ],
    "25": [
      {
        "key": "class",
        "name": "类型",
        "value": [
          {
            "n": "全部",
            "v": ""
          },
          {
            "n": "人物",
            "v": "人物"
          },
          {
            "n": "军事",
            "v": "军事"
          },
          {
            "n": "历史",
            "v": "历史"
          },
          {
            "n": "自然",
            "v": "自然"
          },
          {
            "n": "动物",
            "v": "动物"
          },
          {
            "n": "探险",
            "v": "探险"
          },
          {
            "n": "科技",
            "v": "科技"
          },
          {
            "n": "文化",
            "v": "文化"
          },
          {
            "n": "刑侦",
            "v": "刑侦"
          },
          {
            "n": "社会",
            "v": "社会"
          },
          {
            "n": "旅游",
            "v": "旅游"
          },
          {
            "n": "其他",
            "v": "其他"
          }
        ]
      },
      {
        "key": "area",
        "name": "地区",
        "value": [
          {
            "n": "全部",
            "v": ""
          },
          {
            "n": "大陆",
            "v": "大陆"
          },
          {
            "n": "香港",
            "v": "香港"
          },
          {
            "n": "台湾",
            "v": "台湾"
          },
          {
            "n": "美国",
            "v": "美国"
          },
          {
            "n": "韩国",
            "v": "韩国"
          },
          {
            "n": "日本",
            "v": "日本"
          },
          {
            "n": "法国",
            "v": "法国"
          },
          {
            "n": "英国",
            "v": "英国"
          },
          {
            "n": "德国",
            "v": "德国"
          },
          {
            "n": "泰国",
            "v": "泰国"
          },
          {
            "n": "印度",
            "v": "印度"
          },
          {
            "n": "其他",
            "v": "其他"
          }
        ]
      },
      {
        "key": "lang",
        "name": "语言",
        "value": [
          {
            "n": "全部",
            "v": ""
          },
          {
            "n": "国语",
            "v": "国语"
          },
          {
            "n": "英语",
            "v": "英语"
          },
          {
            "n": "粤语",
            "v": "粤语"
          },
          {
            "n": "闽南语",
            "v": "闽南语"
          },
          {
            "n": "韩语",
            "v": "韩语"
          },
          {
            "n": "日语",
            "v": "日语"
          },
          {
            "n": "法语",
            "v": "法语"
          },
          {
            "n": "德语",
            "v": "德语"
          },
          {
            "n": "其它",
            "v": "其它"
          }
        ]
      },
      {
        "key": "year",
        "name": "年代",
        "value": [
          {
            "n": "全部",
            "v": ""
          },
          {
            "n": "2023",
            "v": "2023"
          },
          {
            "n": "2022",
            "v": "2022"
          },
          {
            "n": "2021",
            "v": "2021"
          },
          {
            "n": "2020",
            "v": "2020"
          },
          {
            "n": "2019",
            "v": "2019"
          },
          {
            "n": "2018",
            "v": "2018"
          },
          {
            "n": "2017",
            "v": "2017"
          },
          {
            "n": "2016",
            "v": "2016"
          },
          {
            "n": "2015",
            "v": "2015"
          },
          {
            "n": "2014",
            "v": "2014"
          },
          {
            "n": "2013",
            "v": "2013"
          },
          {
            "n": "2012",
            "v": "2012"
          },
          {
            "n": "2011",
            "v": "2011"
          },
          {
            "n": "2010",
            "v": "2010"
          },
          {
            "n": "2009",
            "v": "2009"
          },
          {
            "n": "2008",
            "v": "2008"
          },
          {
            "n": "2007",
            "v": "2007"
          },
          {
            "n": "2006",
            "v": "2006"
          },
          {
            "n": "2005",
            "v": "2005"
          },
          {
            "n": "2004",
            "v": "2004"
          },
          {
            "n": "2003",
            "v": "2003"
          },
          {
            "n": "2002",
            "v": "2002"
          },
          {
            "n": "2001",
            "v": "2001"
          },
          {
            "n": "2000",
            "v": "2000"
          }
        ]
      },
      {
        "key": "letter",
        "name": "字母",
        "value": [
          {
            "n": "全部",
            "v": ""
          },
          {
            "n": "A",
            "v": "A"
          },
          {
            "n": "B",
            "v": "B"
          },
          {
            "n": "C",
            "v": "C"
          },
          {
            "n": "D",
            "v": "D"
          },
          {
            "n": "E",
            "v": "E"
          },
          {
            "n": "F",
            "v": "F"
          },
          {
            "n": "G",
            "v": "G"
          },
          {
            "n": "H",
            "v": "H"
          },
          {
            "n": "I",
            "v": "I"
          },
          {
            "n": "J",
            "v": "J"
          },
          {
            "n": "K",
            "v": "K"
          },
          {
            "n": "L",
            "v": "L"
          },
          {
            "n": "M",
            "v": "M"
          },
          {
            "n": "N",
            "v": "N"
          },
          {
            "n": "O",
            "v": "O"
          },
          {
            "n": "P",
            "v": "P"
          },
          {
            "n": "Q",
            "v": "Q"
          },
          {
            "n": "R",
            "v": "R"
          },
          {
            "n": "S",
            "v": "S"
          },
          {
            "n": "T",
            "v": "T"
          },
          {
            "n": "U",
            "v": "U"
          },
          {
            "n": "V",
            "v": "V"
          },
          {
            "n": "W",
            "v": "W"
          },
          {
            "n": "X",
            "v": "X"
          },
          {
            "n": "Y",
            "v": "Y"
          },
          {
            "n": "Z",
            "v": "Z"
          },
          {
            "n": "1",
            "v": "1"
          },
          {
            "n": "2",
            "v": "2"
          },
          {
            "n": "3",
            "v": "3"
          },
          {
            "n": "4",
            "v": "4"
          },
          {
            "n": "5",
            "v": "5"
          },
          {
            "n": "6",
            "v": "6"
          },
          {
            "n": "7",
            "v": "7"
          },
          {
            "n": "8",
            "v": "8"
          },
          {
            "n": "9",
            "v": "9"
          },
          {
            "n": "0",
            "v": ""
          }
        ]
      },
      {
        "key": "by",
        "name": "排序",
        "value": [
          {
            "n": "时间",
            "v": "time"
          },
          {
            "n": "人气",
            "v": "hits"
          },
          {
            "n": "评分",
            "v": "score"
          }
        ]
      }
    ],
    "213": [
      {
        "key": "cateId",
        "name": "分类",
        "value": [
          {
            "n": "全部",
            "v": "213"
          },
          {
            "n": "NBA",
            "v": "215"
          },
          {
            "n": "足球",
            "v": "216"
          },
          {
            "n": "斯诺克",
            "v": "217"
          }
        ]
      },
      {
        "key": "class",
        "name": "类型",
        "value": [
          {
            "n": "全部",
            "v": ""
          },
          {
            "n": "篮球",
            "v": "篮球"
          },
          {
            "n": "足球",
            "v": "足球"
          },
          {
            "n": "斯诺克",
            "v": "斯诺克"
          }
        ]
      },
      {
        "key": "area",
        "name": "地区",
        "value": [
          {
            "n": "全部",
            "v": ""
          },
          {
            "n": "大陆",
            "v": "大陆"
          },
          {
            "n": "香港",
            "v": "香港"
          },
          {
            "n": "台湾",
            "v": "台湾"
          },
          {
            "n": "美国",
            "v": "美国"
          },
          {
            "n": "韩国",
            "v": "韩国"
          },
          {
            "n": "日本",
            "v": "日本"
          },
          {
            "n": "泰国",
            "v": "泰国"
          },
          {
            "n": "新加坡",
            "v": "新加坡"
          },
          {
            "n": "马来西亚",
            "v": "马来西亚"
          },
          {
            "n": "印度",
            "v": "印度"
          },
          {
            "n": "英国",
            "v": "英国"
          },
          {
            "n": "法国",
            "v": "法国"
          },
          {
            "n": "加拿大",
            "v": "加拿大"
          },
          {
            "n": "西班牙",
            "v": "西班牙"
          },
          {
            "n": "俄罗斯",
            "v": "俄罗斯"
          },
          {
            "n": "其它",
            "v": "其它"
          }
        ]
      },
      {
        "key": "lang",
        "name": "语言",
        "value": [
          {
            "n": "全部",
            "v": ""
          },
          {
            "n": "国语",
            "v": "国语"
          },
          {
            "n": "英语",
            "v": "英语"
          },
          {
            "n": "粤语",
            "v": "粤语"
          },
          {
            "n": "闽南语",
            "v": "闽南语"
          },
          {
            "n": "韩语",
            "v": "韩语"
          },
          {
            "n": "日语",
            "v": "日语"
          },
          {
            "n": "法语",
            "v": "法语"
          },
          {
            "n": "德语",
            "v": "德语"
          },
          {
            "n": "其它",
            "v": "其它"
          }
        ]
      },
      {
        "key": "year",
        "name": "年代",
        "value": [
          {
            "n": "全部",
            "v": ""
          },
          {
            "n": "2023",
            "v": "2023"
          },
          {
            "n": "2022",
            "v": "2022"
          }
        ]
      },
      {
        "key": "letter",
        "name": "字母",
        "value": [
          {
            "n": "全部",
            "v": ""
          },
          {
            "n": "A",
            "v": "A"
          },
          {
            "n": "B",
            "v": "B"
          },
          {
            "n": "C",
            "v": "C"
          },
          {
            "n": "D",
            "v": "D"
          },
          {
            "n": "E",
            "v": "E"
          },
          {
            "n": "F",
            "v": "F"
          },
          {
            "n": "G",
            "v": "G"
          },
          {
            "n": "H",
            "v": "H"
          },
          {
            "n": "I",
            "v": "I"
          },
          {
            "n": "J",
            "v": "J"
          },
          {
            "n": "K",
            "v": "K"
          },
          {
            "n": "L",
            "v": "L"
          },
          {
            "n": "M",
            "v": "M"
          },
          {
            "n": "N",
            "v": "N"
          },
          {
            "n": "O",
            "v": "O"
          },
          {
            "n": "P",
            "v": "P"
          },
          {
            "n": "Q",
            "v": "Q"
          },
          {
            "n": "R",
            "v": "R"
          },
          {
            "n": "S",
            "v": "S"
          },
          {
            "n": "T",
            "v": "T"
          },
          {
            "n": "U",
            "v": "U"
          },
          {
            "n": "V",
            "v": "V"
          },
          {
            "n": "W",
            "v": "W"
          },
          {
            "n": "X",
            "v": "X"
          },
          {
            "n": "Y",
            "v": "Y"
          },
          {
            "n": "Z",
            "v": "Z"
          },
          {
            "n": "1",
            "v": "1"
          },
          {
            "n": "2",
            "v": "2"
          },
          {
            "n": "3",
            "v": "3"
          },
          {
            "n": "4",
            "v": "4"
          },
          {
            "n": "5",
            "v": "5"
          },
          {
            "n": "6",
            "v": "6"
          },
          {
            "n": "7",
            "v": "7"
          },
          {
            "n": "8",
            "v": "8"
          },
          {
            "n": "9",
            "v": "9"
          },
          {
            "n": "0",
            "v": ""
          }
        ]
      },
      {
        "key": "by",
        "name": "排序",
        "value": [
          {
            "n": "时间",
            "v": "time"
          },
          {
            "n": "人气",
            "v": "hits"
          },
          {
            "n": "评分",
            "v": "score"
          }
        ]
      }
    ]
  }
}