{
	"作者": "心魔",
	"站名": "简单影视",
	"主页url": "https://www.ysjd.top/",
	"二次截取": "class=\"vod_list\"&&</ul>",
	"数组": "<li>&&</li>",
	
	"直接播放": "0",
	"图片": "lay-src=\"&&\"",
	"标题": "name&&</div>",
	"链接": "href=\"&&\"",
	
   
	"副标题": "",
	"搜索url": "",
	"搜索数组": "",
	"搜索图片": "",
	"搜索标题": "",
	"搜索链接": "",
	"搜索副标题": "",
	"影片类型": "类型：&&</li>",
	"影片年代": "年份：&&</a>",
	"影片地区": "地区：&&</a>",
	"影片状态": "状态：&&</li>",
	"导演": "导演：&&</li>",
	"主演": "主演：&&</li>",
	"简介": "20px;\"><p>&&</p>",
	"嗅探词": ".m3u8#m3u8?#.mp4#mp4?#ixigua#.czspp#.flv#.mp3#.m4a#?item/video#is_play_url=1#play/?#qianpailive",
	"线路数组": "li data-id&&</li>",
	"线路标题": ">&&<em",
	"播放数组": "",
	"播放列表": "",
	"播放标题": "",
	"播放链接": "",
	"分类url": "https://www.ysjd.top/vodshow/{cateId}---{by}-----{catePg}---{year}.html",
	"分类": "电影$1#剧集$2#综艺$3#动漫$4#",
	"筛选": {
		"1": [
			{
				"key": "cateId",
				"name": "类型",
				"value": [
					{
						"n": "全部",
						"v": ""
					},
					{
						"n": "动作片",
						"v": "6"
					},
					{
						"n": "喜剧片",
						"v": "7"
					},
					{
						"n": "爱情片",
						"v": "8"
					},
					{
						"n": "科幻片",
						"v": "9"
					},
					{
						"n": "恐怖片",
						"v": "10"
					},
					{
						"n": "剧情片",
						"v": "11"
					},
					{
						"n": "战争片",
						"v": "12"
					}
				]
			},
			{
				"key": "class",
				"name": "剧情",
				"value": [
					{
						"n": "全部",
						"v": ""
					},
					{
						"n": "喜剧",
						"v": "喜剧"
					},
					{
						"n": "爱情",
						"v": "爱情"
					},
					{
						"n": "恐怖",
						"v": "恐怖"
					},
					{
						"n": "动作",
						"v": "动作"
					},
					{
						"n": "科幻",
						"v": "科幻"
					},
					{
						"n": "剧情",
						"v": "剧情"
					},
					{
						"n": "战争",
						"v": "战争"
					},
					{
						"n": "警匪",
						"v": "警匪"
					},
					{
						"n": "犯罪",
						"v": "犯罪"
					},
					{
						"n": "动画",
						"v": "动画"
					},
					{
						"n": "奇幻",
						"v": "奇幻"
					},
					{
						"n": "武侠",
						"v": "武侠"
					},
					{
						"n": "冒险",
						"v": "冒险"
					},
					{
						"n": "枪战",
						"v": "枪战"
					},
					{
						"n": "悬疑",
						"v": "悬疑"
					},
					{
						"n": "惊悚",
						"v": "惊悚"
					},
					{
						"n": "灾难",
						"v": "灾难"
					},
					{
						"n": "西部",
						"v": "西部"
					},
					{
						"n": "魔幻",
						"v": "魔幻"
					},
					{
						"n": "古装",
						"v": "古装"
					},
					{
						"n": "传记",
						"v": "传记"
					},
					{
						"n": "历史",
						"v": "历史"
					},
					{
						"n": "纪录",
						"v": "纪录"
					},
					{
						"n": "经典",
						"v": "经典"
					},
					{
						"n": "青春",
						"v": "青春"
					},
					{
						"n": "文艺",
						"v": "文艺"
					},
					{
						"n": "歌舞",
						"v": "歌舞"
					},
					{
						"n": "运动",
						"v": "运动"
					},
					{
						"n": "儿童",
						"v": "儿童"
					},
					{
						"n": "情色",
						"v": "情色"
					},
					{
						"n": "伦理",
						"v": "伦理"
					},
					{
						"n": "网络电影",
						"v": "网络电影"
					}
				]
			},
			{
				"key": "area",
				"name": "地区",
				"value": [
					{
						"n": "全部",
						"v": ""
					},
					{
						"n": "内地",
						"v": "内地"
					},
					{
						"n": "大陆",
						"v": "大陆"
					},
					{
						"n": "香港",
						"v": "香港"
					},
					{
						"n": "台湾",
						"v": "台湾"
					},
					{
						"n": "美国",
						"v": "美国"
					},
					{
						"n": "法国",
						"v": "法国"
					},
					{
						"n": "英国",
						"v": "英国"
					},
					{
						"n": "日本",
						"v": "日本"
					},
					{
						"n": "韩国",
						"v": "韩国"
					},
					{
						"n": "德国",
						"v": "德国"
					},
					{
						"n": "泰国",
						"v": "泰国"
					},
					{
						"n": "印度",
						"v": "印度"
					},
					{
						"n": "俄罗斯",
						"v": "俄罗斯"
					},
					{
						"n": "新加坡",
						"v": "新加坡"
					},
					{
						"n": "马来西亚",
						"v": "马来西亚"
					},
					{
						"n": "意大利",
						"v": "意大利"
					},
					{
						"n": "西班牙",
						"v": "西班牙"
					},
					{
						"n": "加拿大",
						"v": "加拿大"
					},
					{
						"n": "其他",
						"v": "其他"
					}
				]
			},
			{
				"key": "lang",
				"name": "语言",
				"value": [
					{
						"n": "全部",
						"v": ""
					},
					{
						"n": "国语",
						"v": "国语"
					},
					{
						"n": "英语",
						"v": "英语"
					},
					{
						"n": "粤语",
						"v": "粤语"
					},
					{
						"n": "闽南语",
						"v": "闽南语"
					},
					{
						"n": "韩语",
						"v": "韩语"
					},
					{
						"n": "日语",
						"v": "日语"
					},
					{
						"n": "法语",
						"v": "法语"
					},
					{
						"n": "德语",
						"v": "德语"
					},
					{
						"n": "俄语",
						"v": "俄语"
					},
					{
						"n": "泰语",
						"v": "泰语"
					},
					{
						"n": "印度语",
						"v": "印度语"
					},
					{
						"n": "其它",
						"v": "其他"
					}
				]
			},
			{
				"key": "year",
				"name": "年份",
				"value": [
					{
						"n": "全部",
						"v": ""
					},
					{
						"n": "2023",
						"v": "2023"
					},
					{
						"n": "2022",
						"v": "2022"
					},
					{
						"n": "2021",
						"v": "2021"
					},
					{
						"n": "2020",
						"v": "2020"
					},
					{
						"n": "2019",
						"v": "2019"
					},
					{
						"n": "2018",
						"v": "2018"
					},
					{
						"n": "2017",
						"v": "2017"
					},
					{
						"n": "2016",
						"v": "2016"
					},
					{
						"n": "2015",
						"v": "2015"
					},
					{
						"n": "2014",
						"v": "2014"
					},
					{
						"n": "2013",
						"v": "2013"
					},
					{
						"n": "2012",
						"v": "2012"
					},
					{
						"n": "2011",
						"v": "2011"
					},
					{
						"n": "2010",
						"v": "2010"
					},
					{
						"n": "2009",
						"v": "2009"
					},
					{
						"n": "2008",
						"v": "2008"
					},
					{
						"n": "2007",
						"v": "2007"
					},
					{
						"n": "2006",
						"v": "2006"
					},
					{
						"n": "2005",
						"v": "2005"
					},
					{
						"n": "2004",
						"v": "2004"
					},
					{
						"n": "2003",
						"v": "2003"
					},
					{
						"n": "2002",
						"v": "2002"
					},
					{
						"n": "2001",
						"v": "2001"
					},
					{
						"n": "2000",
						"v": "2000"
					}
				]
			},
			{
				"key": "by",
				"name": "排序",
				"value": [
					{
						"n": "全部",
						"v": ""
					},
					{
						"n": "时间",
						"v": "time"
					},
					{
						"n": "人气",
						"v": "hits"
					},
					{
						"n": "评分",
						"v": "score"
					}
				]
			}
		],
		"2": [
			{
				"key": "cateId",
				"name": "类型",
				"value": [
					{
						"n": "全部",
						"v": ""
					},
					{
						"n": "国产剧",
						"v": "13"
					},
					{
						"n": "港台剧",
						"v": "14"
					},
					{
						"n": "日韩剧",
						"v": "15"
					},
					{
						"n": "欧美剧",
						"v": "16"
					}
				]
			},
			{
				"key": "class",
				"name": "剧情",
				"value": [
					{
						"n": "全部",
						"v": ""
					},
					{
						"n": "喜剧",
						"v": "喜剧"
					},
					{
						"n": "爱情",
						"v": "爱情"
					},
					{
						"n": "恐怖",
						"v": "恐怖"
					},
					{
						"n": "动作",
						"v": "动作"
					},
					{
						"n": "科幻",
						"v": "科幻"
					},
					{
						"n": "剧情",
						"v": "剧情"
					},
					{
						"n": "战争",
						"v": "战争"
					},
					{
						"n": "警匪",
						"v": "警匪"
					},
					{
						"n": "犯罪",
						"v": "犯罪"
					},
					{
						"n": "动画",
						"v": "动画"
					},
					{
						"n": "奇幻",
						"v": "奇幻"
					},
					{
						"n": "武侠",
						"v": "武侠"
					},
					{
						"n": "冒险",
						"v": "冒险"
					},
					{
						"n": "枪战",
						"v": "枪战"
					},
					{
						"n": "悬疑",
						"v": "悬疑"
					},
					{
						"n": "惊悚",
						"v": "惊悚"
					},
					{
						"n": "经典",
						"v": "经典"
					},
					{
						"n": "青春",
						"v": "青春"
					},
					{
						"n": "文艺",
						"v": "文艺"
					},
					{
						"n": "歌舞",
						"v": "歌舞"
					},
					{
						"n": "传记",
						"v": "传记"
					},
					{
						"n": "灾难",
						"v": "灾难"
					},
					{
						"n": "西部",
						"v": "西部"
					},
					{
						"n": "魔幻",
						"v": "魔幻"
					},
					{
						"n": "古装",
						"v": "古装"
					},
					{
						"n": "历史",
						"v": "历史"
					},
					{
						"n": "运动",
						"v": "运动"
					},
					{
						"n": "农村",
						"v": "农村"
					},
					{
						"n": "儿童",
						"v": "儿童"
					},
					{
						"n": "情色",
						"v": "情色"
					},
					{
						"n": "伦理",
						"v": "伦理"
					},
					{
						"n": "商战",
						"v": "商战"
					},
					{
						"n": "网剧",
						"v": "网剧"
					},
					{
						"n": "其它",
						"v": "其他"
					}
				]
			},
			{
				"key": "area",
				"name": "地区",
				"value": [
					{
						"n": "全部",
						"v": ""
					},
					{
						"n": "内地",
						"v": "内地"
					},
					{
						"n": "大陆",
						"v": "大陆"
					},
					{
						"n": "香港",
						"v": "香港"
					},
					{
						"n": "台湾",
						"v": "台湾"
					},
					{
						"n": "美国",
						"v": "美国"
					},
					{
						"n": "法国",
						"v": "法国"
					},
					{
						"n": "英国",
						"v": "英国"
					},
					{
						"n": "日本",
						"v": "日本"
					},
					{
						"n": "韩国",
						"v": "韩国"
					},
					{
						"n": "德国",
						"v": "德国"
					},
					{
						"n": "泰国",
						"v": "泰国"
					},
					{
						"n": "印度",
						"v": "印度"
					},
					{
						"n": "俄罗斯",
						"v": "俄罗斯"
					},
					{
						"n": "新加坡",
						"v": "新加坡"
					},
					{
						"n": "马来西亚",
						"v": "马来西亚"
					},
					{
						"n": "意大利",
						"v": "意大利"
					},
					{
						"n": "西班牙",
						"v": "西班牙"
					},
					{
						"n": "加拿大",
						"v": "加拿大"
					},
					{
						"n": "其他",
						"v": "其他"
					}
				]
			},
			{
				"key": "lang",
				"name": "语言",
				"value": [
					{
						"n": "全部",
						"v": ""
					},
					{
						"n": "国语",
						"v": "国语"
					},
					{
						"n": "英语",
						"v": "英语"
					},
					{
						"n": "粤语",
						"v": "粤语"
					},
					{
						"n": "闽南语",
						"v": "闽南语"
					},
					{
						"n": "韩语",
						"v": "韩语"
					},
					{
						"n": "日语",
						"v": "日语"
					},
					{
						"n": "法语",
						"v": "法语"
					},
					{
						"n": "德语",
						"v": "德语"
					},
					{
						"n": "俄语",
						"v": "俄语"
					},
					{
						"n": "泰语",
						"v": "泰语"
					},
					{
						"n": "印度语",
						"v": "印度语"
					},
					{
						"n": "其它",
						"v": "其他"
					}
				]
			},
			{
				"key": "year",
				"name": "年份",
				"value": [
					{
						"n": "全部",
						"v": ""
					},
					{
						"n": "2023",
						"v": "2023"
					},
					{
						"n": "2022",
						"v": "2022"
					},
					{
						"n": "2021",
						"v": "2021"
					},
					{
						"n": "2020",
						"v": "2020"
					},
					{
						"n": "2019",
						"v": "2019"
					},
					{
						"n": "2018",
						"v": "2018"
					},
					{
						"n": "2017",
						"v": "2017"
					},
					{
						"n": "2016",
						"v": "2016"
					},
					{
						"n": "2015",
						"v": "2015"
					},
					{
						"n": "2014",
						"v": "2014"
					},
					{
						"n": "2013",
						"v": "2013"
					},
					{
						"n": "2012",
						"v": "2012"
					},
					{
						"n": "2011",
						"v": "2011"
					},
					{
						"n": "2010",
						"v": "2010"
					},
					{
						"n": "2009",
						"v": "2009"
					},
					{
						"n": "2008",
						"v": "2008"
					},
					{
						"n": "2007",
						"v": "2007"
					},
					{
						"n": "2006",
						"v": "2006"
					},
					{
						"n": "2005",
						"v": "2005"
					},
					{
						"n": "2004",
						"v": "2004"
					},
					{
						"n": "2003",
						"v": "2003"
					},
					{
						"n": "2002",
						"v": "2002"
					},
					{
						"n": "2001",
						"v": "2001"
					},
					{
						"n": "2000",
						"v": "2000"
					}
				]
			},
			{
				"key": "by",
				"name": "排序",
				"value": [
					{
						"n": "全部",
						"v": ""
					},
					{
						"n": "时间",
						"v": "time"
					},
					{
						"n": "人气",
						"v": "hits"
					},
					{
						"n": "评分",
						"v": "score"
					}
				]
			}
		],
		"3": [
			{
				"key": "cateId",
				"name": "类型",
				"value": [
					{
						"n": "全部",
						"v": ""
					},
					{
						"n": "大陆综艺",
						"v": "28"
					},
					{
						"n": "港台综艺",
						"v": "23"
					},
					{
						"n": "日韩综艺",
						"v": "22"
					},
					{
						"n": "欧美综艺",
						"v": "24"
					}
				]
			},
			{
				"key": "class",
				"name": "剧情",
				"value": [
					{
						"n": "全部",
						"v": ""
					},
					{
						"n": "选秀",
						"v": "选秀"
					},
					{
						"n": "真人秀",
						"v": "真人秀"
					},
					{
						"n": "口秀",
						"v": "口秀"
					},
					{
						"n": "情感",
						"v": "情感"
					},
					{
						"n": "访谈",
						"v": "访谈"
					},
					{
						"n": "播报",
						"v": "播报"
					},
					{
						"n": "旅游",
						"v": "旅游"
					},
					{
						"n": "音乐",
						"v": "音乐"
					},
					{
						"n": "美食",
						"v": "美食"
					},
					{
						"n": "纪实",
						"v": "纪实"
					},
					{
						"n": "曲艺",
						"v": "曲艺"
					},
					{
						"n": "游戏",
						"v": "游戏"
					},
					{
						"n": "歌舞",
						"v": "歌舞"
					},
					{
						"n": "生活",
						"v": "生活"
					},
					{
						"n": "时尚",
						"v": "时尚"
					},
					{
						"n": "游戏互动",
						"v": "游戏互动"
					},
					{
						"n": "财经",
						"v": "财经"
					},
					{
						"n": "求职",
						"v": "求职"
					}
				]
			},
			{
				"key": "area",
				"name": "地区",
				"value": [
					{
						"n": "全部",
						"v": ""
					},
					{
						"n": "内地",
						"v": "内地"
					},
					{
						"n": "大陆",
						"v": "大陆"
					},
					{
						"n": "香港",
						"v": "香港"
					},
					{
						"n": "台湾",
						"v": "台湾"
					},
					{
						"n": "中国大陆",
						"v": "中国大陆"
					},
					{
						"n": "中国香港",
						"v": "中国香港"
					},
					{
						"n": "中国台湾",
						"v": "中国台湾"
					},
					{
						"n": "美国",
						"v": "美国"
					},
					{
						"n": "法国",
						"v": "法国"
					},
					{
						"n": "英国",
						"v": "英国"
					},
					{
						"n": "日本",
						"v": "日本"
					},
					{
						"n": "韩国",
						"v": "韩国"
					},
					{
						"n": "泰国",
						"v": "泰国"
					},
					{
						"n": "印度",
						"v": "印度"
					},
					{
						"n": "新加坡",
						"v": "新加坡"
					},
					{
						"n": "意大利",
						"v": "意大利"
					},
					{
						"n": "西班牙",
						"v": "西班牙"
					},
					{
						"n": "加拿大",
						"v": "加拿大"
					},
					{
						"n": "其他",
						"v": "其他"
					}
				]
			},
			{
				"key": "lang",
				"name": "语言",
				"value": [
					{
						"n": "全部",
						"v": ""
					},
					{
						"n": "国语",
						"v": "国语"
					},
					{
						"n": "英语",
						"v": "英语"
					},
					{
						"n": "粤语",
						"v": "粤语"
					},
					{
						"n": "闽南语",
						"v": "闽南语"
					},
					{
						"n": "韩语",
						"v": "韩语"
					},
					{
						"n": "日语",
						"v": "日语"
					},
					{
						"n": "法语",
						"v": "法语"
					},
					{
						"n": "德语",
						"v": "德语"
					},
					{
						"n": "俄语",
						"v": "俄语"
					},
					{
						"n": "泰语",
						"v": "泰语"
					},
					{
						"n": "印度语",
						"v": "印度语"
					},
					{
						"n": "其它",
						"v": "其他"
					}
				]
			},
			{
				"key": "year",
				"name": "年份",
				"value": [
					{
						"n": "全部",
						"v": ""
					},
					{
						"n": "2023",
						"v": "2023"
					},
					{
						"n": "2022",
						"v": "2022"
					},
					{
						"n": "2021",
						"v": "2021"
					},
					{
						"n": "2020",
						"v": "2020"
					},
					{
						"n": "2019",
						"v": "2019"
					},
					{
						"n": "2018",
						"v": "2018"
					},
					{
						"n": "2017",
						"v": "2017"
					},
					{
						"n": "2016",
						"v": "2016"
					},
					{
						"n": "2015",
						"v": "2015"
					},
					{
						"n": "2014",
						"v": "2014"
					},
					{
						"n": "2013",
						"v": "2013"
					},
					{
						"n": "2012",
						"v": "2012"
					},
					{
						"n": "2011",
						"v": "2011"
					},
					{
						"n": "2010",
						"v": "2010"
					},
					{
						"n": "2009",
						"v": "2009"
					},
					{
						"n": "2008",
						"v": "2008"
					},
					{
						"n": "2007",
						"v": "2007"
					},
					{
						"n": "2006",
						"v": "2006"
					},
					{
						"n": "2005",
						"v": "2005"
					},
					{
						"n": "2004",
						"v": "2004"
					},
					{
						"n": "2003",
						"v": "2003"
					},
					{
						"n": "2002",
						"v": "2002"
					},
					{
						"n": "2001",
						"v": "2001"
					},
					{
						"n": "2000",
						"v": "2000"
					}
				]
			},
			{
				"key": "by",
				"name": "排序",
				"value": [
					{
						"n": "全部",
						"v": ""
					},
					{
						"n": "时间",
						"v": "time"
					},
					{
						"n": "人气",
						"v": "hits"
					},
					{
						"n": "评分",
						"v": "score"
					}
				]
			}
		],
		"4": [
			{
				"key": "cateId",
				"name": "类型",
				"value": [
					{
						"n": "全部",
						"v": ""
					},
					{
						"n": "国产动漫",
						"v": "25"
					},
					{
						"n": "日本动漫",
						"v": "26"
					},
					{
						"n": "欧美动漫",
						"v": "27"
					}
				]
			},
			{
				"key": "class",
				"name": "剧情",
				"value": [
					{
						"n": "全部",
						"v": ""
					},
					{
						"n": "情感",
						"v": "情感"
					},
					{
						"n": "科幻",
						"v": "科幻"
					},
					{
						"n": "热血",
						"v": "热血"
					},
					{
						"n": "推理",
						"v": "推理"
					},
					{
						"n": "搞笑",
						"v": "搞笑"
					},
					{
						"n": "冒险",
						"v": "冒险"
					},
					{
						"n": "萝莉",
						"v": "萝莉"
					},
					{
						"n": "校园",
						"v": "校园"
					},
					{
						"n": "动作",
						"v": "动作"
					},
					{
						"n": "机战",
						"v": "机战"
					},
					{
						"n": "运动",
						"v": "运动"
					},
					{
						"n": "战争",
						"v": "战争"
					},
					{
						"n": "少年",
						"v": "少年"
					},
					{
						"n": "少女",
						"v": "少女"
					},
					{
						"n": "社会",
						"v": "社会"
					},
					{
						"n": "原创",
						"v": "原创"
					},
					{
						"n": "亲子",
						"v": "亲子"
					},
					{
						"n": "益智",
						"v": "益智"
					},
					{
						"n": "励志",
						"v": "励志"
					},
					{
						"n": "其它",
						"v": "其他"
					}
				]
			},
			{
				"key": "area",
				"name": "地区",
				"value": [
					{
						"n": "全部",
						"v": ""
					},
					{
						"n": "内地",
						"v": "内地"
					},
					{
						"n": "大陆",
						"v": "大陆"
					},
					{
						"n": "香港",
						"v": "香港"
					},
					{
						"n": "台湾",
						"v": "台湾"
					},
					{
						"n": "美国",
						"v": "美国"
					},
					{
						"n": "法国",
						"v": "法国"
					},
					{
						"n": "英国",
						"v": "英国"
					},
					{
						"n": "日本",
						"v": "日本"
					},
					{
						"n": "韩国",
						"v": "韩国"
					},
					{
						"n": "其他",
						"v": "其他"
					}
				]
			},
			{
				"key": "lang",
				"name": "语言",
				"value": [
					{
						"n": "全部",
						"v": ""
					},
					{
						"n": "国语",
						"v": "国语"
					},
					{
						"n": "英语",
						"v": "英语"
					},
					{
						"n": "粤语",
						"v": "粤语"
					},
					{
						"n": "闽南语",
						"v": "闽南语"
					},
					{
						"n": "韩语",
						"v": "韩语"
					},
					{
						"n": "日语",
						"v": "日语"
					},
					{
						"n": "法语",
						"v": "法语"
					},
					{
						"n": "其它",
						"v": "其它"
					}
				]
			},
			{
				"key": "year",
				"name": "年份",
				"value": [
					{
						"n": "全部",
						"v": ""
					},
					{
						"n": "2023",
						"v": "2023"
					},
					{
						"n": "2022",
						"v": "2022"
					},
					{
						"n": "2021",
						"v": "2021"
					},
					{
						"n": "2020",
						"v": "2020"
					},
					{
						"n": "2019",
						"v": "2019"
					},
					{
						"n": "2018",
						"v": "2018"
					},
					{
						"n": "2017",
						"v": "2017"
					},
					{
						"n": "2016",
						"v": "2016"
					},
					{
						"n": "2015",
						"v": "2015"
					},
					{
						"n": "2014",
						"v": "2014"
					},
					{
						"n": "2013",
						"v": "2013"
					},
					{
						"n": "2012",
						"v": "2012"
					},
					{
						"n": "2011",
						"v": "2011"
					},
					{
						"n": "2010",
						"v": "2010"
					},
					{
						"n": "2009",
						"v": "2009"
					},
					{
						"n": "2008",
						"v": "2008"
					},
					{
						"n": "2007",
						"v": "2007"
					},
					{
						"n": "2006",
						"v": "2006"
					},
					{
						"n": "2005",
						"v": "2005"
					},
					{
						"n": "2004",
						"v": "2004"
					},
					{
						"n": "2003",
						"v": "2003"
					},
					{
						"n": "2002",
						"v": "2002"
					},
					{
						"n": "2001",
						"v": "2001"
					},
					{
						"n": "2000",
						"v": "2000"
					}
				]
			},
			{
				"key": "by",
				"name": "排序",
				"value": [
					{
						"n": "全部",
						"v": ""
					},
					{
						"n": "时间",
						"v": "time"
					},
					{
						"n": "人气",
						"v": "hits"
					},
					{
						"n": "评分",
						"v": "score"
					}
				]
			}
		]
	}
}