{
  "drives": [
    {
      "name": "💢姹莱坞",
      "server": "https://a.aa01.ml",
      "passwd": "agree"
    },
    {
      "name": "♦目瞪狗呆",
      "server": "https://pan.mdgd.cc/",
       "passwd": "agree"
    },
    {
      "name": "🅰️A大",
      "server": "https://alist.ccome.site"
    },
    {
      "name": "💫触光",
      "server": "https://pan.ichuguang.com"
    },
    {
      "name": "✨星梦",
      "server": "https://pan.bashroot.top"
    },
    {
      "name": "大萌佬",
      "server": "https://pan.110014.xyz"
    },
    {
      "name": "💧七米蓝",
      "server": "https://al.chirmyram.com"
    },
    {
      "name": "小丫测试",
      "server": "http://alist.xiaoya.pro/测试（不限速）/"
    },
    {
      "name": "🐮98NB",
      "server": "https://a.98nb.ga"
    },
    {
      "name": "🌊云哲小站",
      "server": "http://202.81.231.111:50526"
    },
    {
      "name": "ARHOME",
      "server": "https://xn--ar-4g8e.tk"
    },
    {
      "name": "🐤小鸭",
      "server": "http://alist.xiaoya.pro/"
    },
    {
      "name": "☃姬路白雪",
      "server": "https://pan.jlbx.xyz"
    },
    {
      "name": "🐱梓澪の妙妙屋",
      "server": "https://xn--i0v44m.xyz"
    },
    {
      "name": "🚆资源小站",
      "server": "https://pan.142856.xyz"
    },
    {
      "name": "🌤晴园的宝藏库",
      "server": "https://alist.52qy.repl.co"
    },
    {
      "name": "🐭米奇妙妙屋",
      "server": "https://anime.mqmmw.ga"
    },
    {
      "name": "非盘",
      "server": "http://www.feifwp.top"
    },
    {
      "name": "嗨翻",
      "server": "https://pan.hikerfans.com"
    },
    {
      "name": "9T",
      "server": "https://drive.9t.ee"
    },
    {
      "name": "🐋一只鱼",
      "server": "https://alist.youte.ml"
    },
    {
      "name": "🥼帅盘",
      "server": "https://hi.shuaipeng.wang"
    },
    {
      "name": "🐉神族九帝",
      "server": "https://alist.shenzjd.com"
    },
    {
      "name": "🎧听闻网盘",
      "server": "https://wangpan.sangxuesheng.com"
    },
    {
      "name": "💾DISK",
      "server": "http://124.222.140.243:8080"
    },
    {
      "name": "🌨云播放",
      "server": "https://quanzi.laoxianghuijia.cn"
    },
    {
      "name": "🌊小江",
      "server": "https://dyj.me"
    },
    {
      "name": "🕵好汉吧",
      "server": "https://8023.haohanba.cn"
    },
    {
      "name": "🎡资源小站",
      "server": "https://960303.xyz/"
    },
    {
      "name": "🎢轻弹浅唱",
      "server": "https://g.xiang.lol"
    }

  ]
}