{
"classes": [
{"type_name":"广场舞","type_id":"拍打操 十里清清原创广场舞 广场舞"},
{"type_name":"推荐","type_id":"推荐"},
{"type_name": "电影","type_id": "电影"},
{"type_name": "电视剧","type_id": "电视剧"},
{"type_name":"高清纪录片","type_id":"高清纪录片"},
{"type_name":"电影解说","type_id":"电影解说超清"},
{"type_name":"戏曲","type_id":"戏曲"},
{"type_name": "美食","type_id": "美食超清"},
{"type_name": "食谱","type_id": "食谱"},
{"type_name": "探索发现","type_id": "探索发现超清"},
{"type_name": "纪录片","type_id": "纪录片超清"},
{"type_name": "动物世界","type_id": "动物世界超清"},
{"type_name": "旅游","type_id": "旅游"},
{"type_name": "风景","type_id": "风景4K"},
{"type_name": "说案","type_id": "说案"},
{"type_name": "解说","type_id": "解说"},
{"type_name": "演讲","type_id": "演讲"},
{"type_name": "荒野求生","type_id": "荒野求生超清"},


{"type_name":"京剧","type_id":"京剧超清"},
{"type_name":"黄梅戏","type_id":"黄梅戏超清"},
{"type_name":"河北梆子","type_id":"河北梆子超清"},
{"type_name":"评剧","type_id":"评剧超清"},
{"type_name":"花鼓戏","type_id":"花鼓戏超清"},
{"type_name":"梆子腔","type_id":"梆子腔超清"},
{"type_name":"山东梆子","type_id":"山东梆子超清"},
{"type_name":"滑稽戏","type_id":"滑稽戏超清"},
{"type_name":"河南曲剧","type_id":"河南曲剧超清"},
{"type_name":"豫剧","type_id":"豫剧超清"},
{"type_name":"淮剧","type_id":"淮剧超清"},
{"type_name":"上党梆子","type_id":"上党梆子超清"},
{"type_name":"秦腔","type_id":"秦腔超清"},
{"type_name":"越剧","type_id":"越剧超清"},
{"type_name":"蒲剧","type_id":"蒲剧超清"},
{"type_name":"眉户","type_id":"眉户超清"},
{"type_name":"吕剧","type_id":"吕剧超清"},
{"type_name":"楚剧","type_id":"楚剧超清"},
{"type_name":"歌仔戏","type_id":"歌仔戏超清"},
{"type_name":"布袋戏","type_id":"布袋戏合集超清"},
{"type_name":"沪剧","type_id":"沪剧超清"},
{"type_name":"昆曲","type_id":"昆曲超清"},
{"type_name":"潮剧","type_id":"潮剧超清"},
{"type_name":"超清潮剧","type_id":"超清潮剧超清"},
{"type_name":"百花潮剧院","type_id":"百花潮剧院超清"},
{"type_name":"香港潮剧","type_id":"香港潮剧超清"},
{"type_name":"潮剧院","type_id":"潮剧院超清"},
{"type_name":"潮剧团","type_id":"潮剧团超清"},
{"type_name":"潮剧全剧","type_id":"潮剧全剧超清"},
{"type_name":"潮剧选段","type_id":"潮剧选段超清"},
{"type_name":"名家潮剧","type_id":"名家潮剧超清"},
{"type_name":"潮汕小品","type_id":"潮汕小品超清"},
{"type_name":"潮汕讲古","type_id":"潮汕讲古超清"},
{"type_name":"绍兴莲花落","type_id":"绍兴莲花落超清"},	  
{"type_name":"晋剧","type_id":"晋剧超清"},
{"type_name":"龙江剧","type_id":"龙江剧超清"},
{"type_name":"越调","type_id":"越调超清"},
{"type_name":"婺剧","type_id":"婺剧超清"},
{"type_name":"绍剧","type_id":"绍剧超清"},
{"type_name":"徽剧","type_id":"徽剧超清"},
{"type_name":"雁剧","type_id":"雁剧超清"},
{"type_name":"武安平调","type_id":"武安平调超清"},
{"type_name":"二人台","type_id":"二人台超清"},
{"type_name":"吉剧","type_id":"吉剧超清"},
{"type_name":"高腔","type_id":"高腔超清"}
],

"cookie": "buvid3=8B57D3BA-607A-1E85-018A-E8C430023CED42659infoc; b_lsid=BEB8EE7F_18742FF8C2E; bsource=search_baidu; _uuid=DE810E367-B52C-AF6E-A612-EDF4C31567F358591infoc; b_nut=100; buvid_fp=711a632b5c876fa8bbcf668c1efba551; SESSDATA=7624af93%2C1696008331%2C862c8%2A42; bili_jct=141a474ef3ce8cf2fedf384e68f6625d; DedeUserID=3493271303096985; DedeUserID__ckMd5=212a836c164605b7; sid=5h4ruv6o; buvid4=978E9208-13DA-F87A-3DC0-0B8EDF46E80434329-123040301-dWliG5BMrUb70r3g583u7w%3D%3D",
//"cookie": "innersign=0;buvid3=2E536ADC-CD6D-46AB-A9FF-904395151EE369713infoc;b_nut=1669016569;i-wanna-go-back=-1;b_ut=7;_uuid=761F7F106-C575-884D-6C10A-92BC10A10D10FBC68934infoc;buvid4=5B25B999-AE15-E09A-A0CC-3661981B71BF70255-122112115-JOyWSaNZfI2kZmT1KYmcQA%3D%3D;fingerprint=6d9ef93c89a567d22b6a9c4104e6cc50;buvid_fp_plain=undefined;buvid_fp=6d9ef93c89a567d22b6a9c4104e6cc50;SESSDATA=2d6f63c8%2C1684568607%2C19eb6%2Ab1;bili_jct=21d538b01566c26afc81ff68c2ac7dca;DedeUserID=3493083203242585;DedeUserID__ckMd5=7b86f3894ed7f8c0;sid=ng0uyvaz;b_lsid=97FB69A2_1869DE8E2C5;bg_view_44176=720227",
//"cookie": "_uuid=E510513EF-101067-E17F-62F4-D7A8FBC10FB10F99961infoc;b_nut=1651385600;buvid3=F9350D47-7372-06BC-B255-176D3CA83F7999992infoc;buvid_fp_plain=undefined;nostalgia_conf=-1;CURRENT_BLACKGAP=0;hit-dyn-v2=1;blackside_state=0;LIVE_BUVID=AUTO9916574431422984;DedeUserID=11484862;DedeUserID__ckMd5=68cf9c3547d3e047;i-wanna-go-back=-1;b_ut=5;rpdid=|(k|~J|Y|kRY0J'uYYmR)k)k);buvid4=3E7B6AAD-86D4-CADB-EF95-57B25F1167A699992-022050114-9H%2BeTTp9%2BHXzHQLOa8rQmw%3D%3D;CURRENT_QUALITY=80;CURRENT_FNVAL=4048;SESSDATA=8d008c0f%2C1689689118%2C37eac%2A12;bili_jct=b85afbb1a7052d40b5153025c211d586;sid=5fhi1cof;PVID=1;session-api=a50rgln1nfe554qdfhb1r615lg;fingerprint=b28330ab73edf4fb4dd1b4db2427fef8;bp_video_offset_11484862=765084617951674400;buvid_fp=a0fb18d20db23e204fb0320df564a12e;_csrf=y5AfWPlWS9tAl7JTBiWbPrPO",
//"cookie":"_uuid=5E4B2B98-1014A-84D8-FA33-EC210C5BEC10DA82367infoc; buvid3=E9D0A426-85E9-E6C7-C75E-206A3E1BEB4D81910infoc; b_nut=1666168082; buvid4=4FC87B9C-3540-2275-688C-8612D3EA719B81910-022101916-ZLe640jXRAMHySuaCe9aUw==; rpdid=|(k|u)YYm)uY0J'uYYYuY)uuu; i-wanna-go-back=-1; fingerprint=9c214a6da0197a48e576ccf22e9f0ac7; buvid_fp_plain=undefined; nostalgia_conf=-1; DedeUserID=3493076028885079; DedeUserID__ckMd5=60a8757a1f4d6ae9; buvid_fp=9c214a6da0197a48e576ccf22e9f0ac7; CURRENT_QUALITY=80; b_ut=5; PVID=2; bp_video_offset_3493076028885079=undefined; bsource=search_google; SESSDATA=42b8ada6,1683277266,4bd05*b2; bili_jct=2dbe39aea02b41324395630a24d4775f; sid=89gnel66; innersign=0; b_lsid=9EF63922_1844D55A286; CURRENT_FNVAL=4048",
  
"filter": {
"推荐": [{
"key": "tid",
"name": "分类",
"value": [
{"n": "全部","v": "推荐"},
{"n": "美食","v": "美食"},
{"n": "科普","v": "科普"},
{"n": "新吉飞","v": "新吉飞"},
{"n": "游戏","v": "游戏"},
{"n": "纪录片","v": "纪录片"},
{"n": "戏曲超清","v": "戏曲超清"},
{"n": "广场舞","v": "广场舞"},
{"n": "乒乓球","v": "乒乓球"},
{"n": "电影","v": "电影"},
{"n": "钓鱼","v": "钓鱼"},
{"n": "荒野求生","v": "荒野求生"},
{"n": "世界杯","v": "世界杯"},
{"n": "野外生存","v": "野外生存"},
{"n": "旅游","v": "旅游"},
{"n": "历史","v": "历史"},
{"n": "美国","v": "美国"},
{"n": "科学","v": "科学"},
{"n": "电影解说","v": "电影解说"},
{"n": "厨艺","v": "厨艺"},
{"n": "美食vlog","v": "美食vlog"},
{"n": "老外吃中餐","v": "老外吃中餐"},
{"n": "时政","v": "时政"},
{"n": "环球","v": "环球"},
{"n": "军事","v": "军事"},
{"n": "4K","v": "4K"},
{"n": "街头霸王6","v": "街头霸王6"},
{"n": "UFC","v": "UFC"},
{"n": "坦克世界","v": "坦克世界"},
{"n": "单机游戏","v": "单机游戏"},
{"n": "综合热门","v": "综合热门"},
{"n": "战争","v": "战争"}
]},
{
"key": "duration",
"name": "时长",
"value": [
{"n": "全部","v": "0"},
{"n": "60分钟以上", "v": "4"},
{"n": "30~60分钟","v": "3"},
{"n": "10~30分钟","v": "2"},
{"n": "10分钟以下","v": "1"}
]}],

"探索发现超清": [
{
"key": "order",
"name": "排序",
"value": [
{"n": "综合排序","v": "0"},
{"n": "最多点击","v": "click"},
{"n": "最新发布","v": "pubdate"},
{"n": "最多弹幕","v": "dm"},
{"n": "最多收藏","v": "stow"}]},

{"key": "duration",
"name": "时长",
"value": [
{"n": "全部","v": "0"},
{"n": "60分钟以上","v": "4"},
{"n": "30~60分钟","v": "3"},
{"n": "10~30分钟","v": "2"},
{"n": "10分钟以下","v": "1"}
]}],

"电影": [
            {
                "key": "order",
                "name": "排序",
                "value": [
                    {
                        "n": "综合排序",
                        "v": "0"
                    },
                    {
                        "n": "最多点击",
                        "v": "click"
                    },
                    {
                        "n": "最新发布",
                        "v": "pubdate"
                    },
                    {
                        "n": "最多弹幕",
                        "v": "dm"
                    },
                    {
                        "n": "最多收藏",
                        "v": "stow"
                    }
                ]
            },
            {
                "key": "duration",
                "name": "时长",
                "value": [
                    {
                        "n": "全部",
                        "v": "0"
                    },
                    {
                        "n": "60分钟以上",
                        "v": "4"
                    },
                    {
                        "n": "30~60分钟",
                        "v": "3"
                    },
                    {
                        "n": "10~30分钟",
                        "v": "2"
                    },
                    {
                        "n": "10分钟以下",
                        "v": "1"
                    }
                ]
            }
        ],

"荒野求生超清": [
            {
                "key": "order",
                "name": "排序",
                "value": [
                    {
                        "n": "综合排序",
                        "v": "0"
                    },
                    {
                        "n": "最多点击",
                        "v": "click"
                    },
                    {
                        "n": "最新发布",
                        "v": "pubdate"
                    },
                    {
                        "n": "最多弹幕",
                        "v": "dm"
                    },
                    {
                        "n": "最多收藏",
                        "v": "stow"
                    }
                ]
            },
            {
                "key": "duration",
                "name": "时长",
                "value": [
                    {
                        "n": "全部",
                        "v": "0"
                    },
                    {
                        "n": "60分钟以上",
                        "v": "4"
                    },
                    {
                        "n": "30~60分钟",
                        "v": "3"
                    },
                    {
                        "n": "10~30分钟",
                        "v": "2"
                    },
                    {
                        "n": "10分钟以下",
                        "v": "1"
                    }
                ]
            }
        ],

"说案": [
            {
                "key": "order",
                "name": "排序",
                "value": [
                    {
                        "n": "综合排序",
                        "v": "0"
                    },
                    {
                        "n": "最多点击",
                        "v": "click"
                    },
                    {
                        "n": "最新发布",
                        "v": "pubdate"
                    },
                    {
                        "n": "最多弹幕",
                        "v": "dm"
                    },
                    {
                        "n": "最多收藏",
                        "v": "stow"
                    }
                ]
            },
            {
                "key": "tid",
                "name": "分类",
                "value": [
                    {
                        "n": "全部",
                        "v": "说案"
                    },
                    {
                        "n": "汤圆",
                        "v": "汤圆说案"
                    },
                    {
                        "n": "唐唐",
                        "v": "唐唐说案"
                    },
                    {
                        "n": "罗翔",
                        "v": "罗翔说刑法"
                    },
                    {
                        "n": "何家弘",
                        "v": "何家弘说案"
                    },
                    {
                        "n": "韩诺",
                        "v": "韩诺说案"
                    },
                    {
                        "n": "老V",
                        "v": "老V说案"
                    },
                    {
                        "n": "禁播档案‼️",
                        "v": "禁播档案"
                    }
                ]
            },
            {
                "key": "duration",
                "name": "时长",
                "value": [
                    {
                        "n": "全部",
                        "v": "0"
                    },
                    {
                        "n": "60分钟以上",
                        "v": "4"
                    },
                    {
                        "n": "30~60分钟",
                        "v": "3"
                    },
                    {
                        "n": "10~30分钟",
                        "v": "2"
                    },
                    {
                        "n": "10分钟以下",
                        "v": "1"
                    }
                ]
            }
        ],
        "演讲": [
            {
                "key": "order",
                "name": "排序",
                "value": [
                    {
                        "n": "综合排序",
                        "v": "0"
                    },
                    {
                        "n": "最多点击",
                        "v": "click"
                    },
                    {
                        "n": "最新发布",
                        "v": "pubdate"
                    },
                    {
                        "n": "最多弹幕",
                        "v": "dm"
                    },
                    {
                        "n": "最多收藏",
                        "v": "stow"
                    }
                ]
            },
            {
                "key": "tid",
                "name": "分类",
                "value": [
                    {
                        "n": "全部",
                        "v": "全部演讲4K"
                    },
                    {
                        "n": "A艾跃进",
                        "v": "艾跃进演讲4K"
                    },
                    {
                        "n": "C超级演说家",
                        "v": "超级演说家4K"
                    },
                    {
                        "n": "D电影",
                        "v": "电影演讲4K"
                    },
                    {
                        "n": "D典籍里的中国",
                        "v": "典籍里的中国4K"
                    },
                    {
                        "n": "G感动中国",
                        "v": "感动中国4K"
                    },
                    {
                        "n": "G郭继承",
                        "v": "郭继承演讲4K"
                    },
                    {
                        "n": "H华春莹",
                        "v": "华春莹演讲4K"
                    },
                    {
                        "n": "L雷军",
                        "v": "雷军演讲4K"
                    },
                    {
                        "n": "L罗翔",
                        "v": "罗翔演讲4K"
                    },
                    {
                        "n": "R任正非",
                        "v": "任正非演讲4K"
                    },
                    {
                        "n": "TED",
                        "v": "TED演讲4K"
                    },
                    {
                        "n": "W汪文斌",
                        "v": "汪文斌演讲4K"
                    },
                    {
                        "n": "Y一刻",
                        "v": "一刻演讲4K"
                    },
                    {
                        "n": "Z赵立坚",
                        "v": "赵立坚演讲4K"
                    },
                    {
                        "n": "Z郑强",
                        "v": "郑强演讲4K"
                    }
                ]
            },
            {
                "key": "duration",
                "name": "时长",
                "value": [
                    {
                        "n": "全部",
                        "v": "0"
                    },
                    {
                        "n": "60分钟以上",
                        "v": "4"
                    },
                    {
                        "n": "30~60分钟",
                        "v": "3"
                    },
                    {
                        "n": "10~30分钟",
                        "v": "2"
                    },
                    {
                        "n": "10分钟以下",
                        "v": "1"
                    }
                ]
            }
        ],
        "解说": [
            {
                "key": "order",
                "name": "排序",
                "value": [
                    {
                        "n": "综合排序",
                        "v": "0"
                    },
                    {
                        "n": "最多点击",
                        "v": "click"
                    },
                    {
                        "n": "最新发布",
                        "v": "pubdate"
                    },
                    {
                        "n": "最多弹幕",
                        "v": "dm"
                    },
                    {
                        "n": "最多收藏",
                        "v": "stow"
                    }
                ]
            },
            {
                "key": "tid",
                "name": "分类",
                "value": [
                    {
                        "n": "全部",
                        "v": "解说"
                    },
                    {
                        "n": "电影",
                        "v": "电影解说"
                    },
                    {
                        "n": "电视",
                        "v": "电视解说"
                    },
                    {
                        "n": "历史",
                        "v": "历史解说"
                    },
                    {
                        "n": "动漫",
                        "v": "动漫解说"
                    },
                    {
                        "n": "小说",
                        "v": "小说解说"
                    }
                ]
            },
            {
                "key": "duration",
                "name": "时长",
                "value": [
                    {
                        "n": "全部",
                        "v": "0"
                    },
                    {
                        "n": "60分钟以上",
                        "v": "4"
                    },
                    {
                        "n": "30~60分钟",
                        "v": "3"
                    },
                    {
                        "n": "10~30分钟",
                        "v": "2"
                    },
                    {
                        "n": "10分钟以下",
                        "v": "1"
                    }
                ]
            }
        ],
        "风景4K": [
            {
                "key": "order",
                "name": "排序",
                "value": [
                    {
                        "n": "综合排序",
                        "v": "0"
                    },
                    {
                        "n": "最多点击",
                        "v": "click"
                    },
                    {
                        "n": "最新发布",
                        "v": "pubdate"
                    },
                    {
                        "n": "最多弹幕",
                        "v": "dm"
                    },
                    {
                        "n": "最多收藏",
                        "v": "stow"
                    }
                ]
            },
            {
                "key": "tid",
                "name": "分类",
                "value": [
                    {
                        "n": "全部",
                        "v": "风景4K"
                    },
                    {
                        "n": "A澳门",
                        "v": "澳门风景4K"
                    },
                    {
                        "n": "A安徽",
                        "v": "安徽风景4K"
                    },
                    {
                        "n": "B布达拉宫",
                        "v": "布达拉宫风景4K"
                    },
                    {
                        "n": "B北京",
                        "v": "北京风景4K"
                    },
                    {
                        "n": "C重庆",
                        "v": "重庆风景4K"
                    },
                    {
                        "n": "C草原",
                        "v": "草原风景4K"
                    },
                    {
                        "n": "D大海",
                        "v": "大海风景4K"
                    },
                    {
                        "n": "F福建",
                        "v": "福建风景4K"
                    },
                    {
                        "n": "G广东",
                        "v": "广东风景4K"
                    },
                    {
                        "n": "G广西",
                        "v": "广西风景4K"
                    },
                    {
                        "n": "G贵州",
                        "v": "贵州风景4K"
                    },
                    {
                        "n": "G甘肃",
                        "v": "甘肃风景4K"
                    },
                    {
                        "n": "H海南",
                        "v": "海南风景4K"
                    },
                    {
                        "n": "H河北",
                        "v": "河北风景4K"
                    },
                    {
                        "n": "H河南",
                        "v": "河南风景4K"
                    },
                    {
                        "n": "H湖北",
                        "v": "湖北风景4K"
                    },
                    {
                        "n": "H湖南",
                        "v": "湖南风景4K"
                    },
                    {
                        "n": "H黑龙江",
                        "v": "黑龙江风景4K"
                    },
                    {
                        "n": "J吉林",
                        "v": "吉林风景4K"
                    },
                    {
                        "n": "J江苏",
                        "v": "江苏风景4K"
                    },
                    {
                        "n": "J江西",
                        "v": "江西风景4K"
                    },
                    {
                        "n": "L辽宁",
                        "v": "辽宁风景4K"
                    },
                    {
                        "n": "M民宿",
                        "v": "民宿风景4K"
                    },
                    {
                        "n": "N内蒙古",
                        "v": "内蒙古风景4K"
                    },
                    {
                        "n": "N宁夏",
                        "v": "宁夏风景4K"
                    },
                    {
                        "n": "Q青海",
                        "v": "青海风景4K"
                    },
                    {
                        "n": "S上海",
                        "v": "上海风景4K"
                    },
                    {
                        "n": "S陕西",
                        "v": "陕西风景4K"
                    },
                    {
                        "n": "S四川",
                        "v": "四川风景4K"
                    },
                    {
                        "n": "S山西",
                        "v": "山西风景4K"
                    },
                    {
                        "n": "S山东",
                        "v": "山东风景4K"
                    },
                    {
                        "n": "T天津",
                        "v": "天津风景4K"
                    },
                    {
                        "n": "T台湾",
                        "v": "台湾风景4K"
                    },
                    {
                        "n": "T天空",
                        "v": "天空风景4K"
                    },
                    {
                        "n": "X西湖",
                        "v": "西湖风景4K"
                    },
                    {
                        "n": "X西藏",
                        "v": "西藏风景4K"
                    },
                    {
                        "n": "X新疆",
                        "v": "新疆风景4K"
                    },
                    {
                        "n": "X香港",
                        "v": "香港风景4K"
                    },
                    {
                        "n": "Y云南",
                        "v": "云南风景4K"
                    },
                    {
                        "n": "Z浙江",
                        "v": "浙江风景4K"
                    }
                ]
            },
            {
                "key": "duration",
                "name": "时长",
                "value": [
                    {
                        "n": "全部",
                        "v": "0"
                    },
                    {
                        "n": "60分钟以上",
                        "v": "4"
                    },
                    {
                        "n": "30~60分钟",
                        "v": "3"
                    },
                    {
                        "n": "10~30分钟",
                        "v": "2"
                    },
                    {
                        "n": "10分钟以下",
                        "v": "1"
                    }
                ]
            }
        ],

 "动物世界超清": [
            {
                "key": "order",
                "name": "排序",
                "value": [
                    {
                        "n": "综合排序",
                        "v": "0"
                    },
                    {
                        "n": "最多点击",
                        "v": "click"
                    },
                    {
                        "n": "最新发布",
                        "v": "pubdate"
                    },
                    {
                        "n": "最多弹幕",
                        "v": "dm"
                    },
                    {
                        "n": "最多收藏",
                        "v": "stow"
                    }
                ]
            },
            {
                "key": "duration",
                "name": "时长",
                "value": [
                    {
                        "n": "全部",
                        "v": "0"
                    },
                    {
                        "n": "60分钟以上",
                        "v": "4"
                    },
                    {
                        "n": "30~60分钟",
                        "v": "3"
                    },
                    {
                        "n": "10~30分钟",
                        "v": "2"
                    },
                    {
                        "n": "10分钟以下",
                        "v": "1"
                    }
                ]
            }
        ],

        "纪录片超清": [
            {
                "key": "order",
                "name": "排序",
                "value": [
                    {
                        "n": "综合排序",
                        "v": "0"
                    },
                    {
                        "n": "最多点击",
                        "v": "click"
                    },
                    {
                        "n": "最新发布",
                        "v": "pubdate"
                    },
                    {
                        "n": "最多弹幕",
                        "v": "dm"
                    },
                    {
                        "n": "最多收藏",
                        "v": "stow"
                    }
                ]
            },
            {
                "key": "duration",
                "name": "时长",
                "value": [
                    {
                        "n": "全部",
                        "v": "0"
                    },
                    {
                        "n": "60分钟以上",
                        "v": "4"
                    },
                    {
                        "n": "30~60分钟",
                        "v": "3"
                    },
                    {
                        "n": "10~30分钟",
                        "v": "2"
                    },
                    {
                        "n": "10分钟以下",
                        "v": "1"
                    }
                ]
            }
        ],
        "食谱": [
            {
                "key": "order",
                "name": "排序",
                "value": [
                    {
                        "n": "综合排序",
                        "v": "0"
                    },
                    {
                        "n": "最多点击",
                        "v": "click"
                    },
                    {
                        "n": "最新发布",
                        "v": "pubdate"
                    },
                    {
                        "n": "最多弹幕",
                        "v": "dm"
                    },
                    {
                        "n": "最多收藏",
                        "v": "stow"
                    }
                ]
            },
            {
                "key": "tid",
                "name": "分类",
                "value": [
                    {
                        "n": "全部",
                        "v": "食谱"
                    },
                    {
                        "n": "川菜食谱",
                        "v": "川菜食谱"
                    },
                    {
                        "n": "豫菜食谱",
                        "v": "豫菜食谱"
                    },
                    {
                        "n": "淮扬菜食谱",
                        "v": "淮扬菜食谱"
                    },
                    {
                        "n": "湘菜食谱",
                        "v": "湘菜食谱"
                    },
                    {
                        "n": "鲁菜食谱",
                        "v": "鲁菜食谱"
                    },
                    {
                        "n": "粤菜食谱",
                        "v": "粤菜食谱"
                    },
                    {
                        "n": "潮菜食谱",
                        "v": "潮菜食谱"
                    },
                    {
                        "n": "浙菜食谱",
                        "v": "浙菜食谱"
                    },
                    {
                        "n": "徽菜食谱",
                        "v": "徽菜食谱"
                    },
                    {
                        "n": "闽菜食谱",
                        "v": "闽菜食谱"
                    },
                    {
                        "n": "苏菜食谱",
                        "v": "苏菜食谱"
                    }
                ]
            },
            {
                "key": "duration",
                "name": "时长",
                "value": [
                    {
                        "n": "全部",
                        "v": "0"
                    },
                    {
                        "n": "60分钟以上",
                        "v": "4"
                    },
                    {
                        "n": "30~60分钟",
                        "v": "3"
                    },
                    {
                        "n": "10~30分钟",
                        "v": "2"
                    },
                    {
                        "n": "10分钟以下",
                        "v": "1"
                    }
                ]
            }
        ],

         "美食超清": [
            {
                "key": "order",
                "name": "排序",
                "value": [
                    {
                        "n": "综合排序",
                        "v": "0"
                    },
                    {
                        "n": "最多点击",
                        "v": "click"
                    },
                    {
                        "n": "最新发布",
                        "v": "pubdate"
                    },
                    {
                        "n": "最多弹幕",
                        "v": "dm"
                    },
                    {
                        "n": "最多收藏",
                        "v": "stow"
                    }
                ]
            },
            {
                "key": "tid",
                "name": "分类",
                "value": [
                    {
                        "n": "全部",
                        "v": "美食超清"
                    },
                    {
                        "n": "舌尖上的中国",
                        "v": "舌尖上的中国超清"
                    },
                    {
                        "n": "老字号",
                        "v": "老字号美食超清"
                    },
                    {
                        "n": "家常菜",
                        "v": "家常菜美食超清"
                    },
                    {
                        "n": "香港美食探店",
                        "v": "香港美食探店超清"
                    },
                    {
                        "n": "澳门美食探店",
                        "v": "澳门美食探店超清"
                    },
                    {
                        "n": "上海美食探店",
                        "v": "上海美食探店超清"
                    },
                    {
                        "n": "北京美食探店",
                        "v": "北京美食探店超清"
                    },
                    {
                        "n": "重庆美食探店",
                        "v": "重庆美食探店超清"
                    },
                    {
                        "n": "南京美食探店",
                        "v": "南京美食探店超清"
                    },
                    {
                        "n": "广州美食探店",
                        "v": "广州美食探店超清"
                    },
                    {
                        "n": "杭州美食探店",
                        "v": "杭州美食探店超清"
                    },
                    {
                        "n": "成都美食探店",
                        "v": "成都美食探店超清"
                    },
                    {
                        "n": "苏州美食探店",
                        "v": "苏州美食探店超清"
                    },
                    {
                        "n": "武汉美食探店",
                        "v": "武汉美食探店超清"
                    },
                    {
                        "n": "台湾美食探店",
                        "v": "台湾美食探店超清"
                    },
                    {
                        "n": "川菜",
                        "v": "川菜美食超清"
                    },
                    {
                        "n": "豫菜",
                        "v": "豫菜美食超清"
                    },
                    {
                        "n": "淮扬菜",
                        "v": "淮扬菜美食超清"
                    },
                    {
                        "n": "湘菜",
                        "v": "湘菜美食超清"
                    },
                    {
                        "n": "鲁菜",
                        "v": "鲁菜美食超清"
                    },
                    {
                        "n": "粤菜",
                        "v": "粤菜美食超清"
                    },
                    {
                        "n": "潮菜",
                        "v": "潮菜美食超清"
                    },
                    {
                        "n": "浙菜",
                        "v": "浙菜美食超清"
                    },
                    {
                        "n": "徽菜",
                        "v": "徽菜美食超清"
                    },
                    {
                        "n": "闽菜",
                        "v": "闽菜美食超清"
                    },
                    {
                        "n": "东北菜",
                        "v": "东北菜美食超清"
                    },
                    {
                        "n": "客家菜",
                        "v": "客家菜美食超清"
                    },
                    {
                        "n": "苏菜",
                        "v": "苏菜美食超清"
                    },
                    {
                        "n": "火锅",
                        "v": "火锅"
                    },
                    {
                        "n": "面食",
                        "v": "面食"
                    },
                    {
                        "n": "炒菜",
                        "v": "炒菜"
                    },
                    {
                        "n": "点心",
                        "v": "点心"
                    },
                    {
                        "n": "日料",
                        "v": "日料"
                    },
                    {
                        "n": "小吃",
                        "v": "小吃"
                    },
                    {
                        "n": "素食",
                        "v": "素食"
                    },
                    {
                        "n": "蒸菜",
                        "v": "蒸菜"
                    },
                    {
                        "n": "凉菜",
                        "v": "凉菜"
                    },
                    {
                        "n": "早餐",
                        "v": "早餐"
                    },
                    {
                        "n": "披萨",
                        "v": "披萨"
                    },
                    {
                        "n": "烤鱼",
                        "v": "烤鱼"
                    },
                    {
                        "n": "海鲜",
                        "v": "海鲜美食超清"
                    },
                    {
                        "n": "汉堡",
                        "v": "汉堡"
                    },
                    {
                        "n": "韩国菜",
                        "v": "韩国菜"
                    },
                    {
                        "n": "泰国菜",
                        "v": "泰国菜"
                    },
                    {
                        "n": "穆斯林菜",
                        "v": "穆斯林菜"
                    },
                    {
                        "n": "法国菜",
                        "v": "法国菜"
                    },
                    {
                        "n": "意大利菜",
                        "v": "意大利菜"
                    },
                    {
                        "n": "西班牙菜",
                        "v": "西班牙菜"
                    },
                    {
                        "n": "土耳其菜",
                        "v": "土耳其菜系"
                    },
                    {
                        "n": "阿拉伯菜",
                        "v": "阿拉伯菜"
                    },
                    {
                        "n": "德国菜",
                        "v": "德国菜"
                    }
                ]
            },
            {
                "key": "duration",
                "name": "时长",
                "value": [
                    {
                        "n": "全部",
                        "v": "0"
                    },
                    {
                        "n": "60分钟以上",
                        "v": "4"
                    },
                    {
                        "n": "30~60分钟",
                        "v": "3"
                    },
                    {
                        "n": "10~30分钟",
                        "v": "2"
                    },
                    {
                        "n": "10分钟以下",
                        "v": "1"
                    }
                ]
            }
        ],

         "拍打操 十里清清原创广场舞 广场舞": [
            {
                "key": "order",
                "name": "排序",
                "value": [
                    {
                        "n": "综合排序",
                        "v": "0"
                    },
                    {
                        "n": "最多点击",
                        "v": "click"
                    },
                    {
                        "n": "最新发布",
                        "v": "pubdate"
                    },
                    {
                        "n": "最多弹幕",
                        "v": "dm"
                    },
                    {
                        "n": "最多收藏",
                        "v": "stow"
                    }
                ]
            },
            {
                "key": "duration",
                "name": "时长",
                "value": [
                    {
                        "n": "全部",
                        "v": "0"
                    },
                    {
                        "n": "60分钟以上",
                        "v": "4"
                    },
                    {
                        "n": "30~60分钟",
                        "v": "3"
                    },
                    {
                        "n": "10~30分钟",
                        "v": "2"
                    },
                    {
                        "n": "10分钟以下",
                        "v": "1"
                    }
                ]
            }
        ],

          "电视剧": [
            {
                "key": "order",
                "name": "排序",
                "value": [
                    {
                        "n": "综合排序",
                        "v": "0"
                    },
                    {
                        "n": "最多点击",
                        "v": "click"
                    },
                    {
                        "n": "最新发布",
                        "v": "pubdate"
                    },
                    {
                        "n": "最多弹幕",
                        "v": "dm"
                    },
                    {
                        "n": "最多收藏",
                        "v": "stow"
                    }
                ]
            },
            {
                "key": "duration",
                "name": "时长",
                "value": [
                    {
                        "n": "全部",
                        "v": "0"
                    },
                    {
                        "n": "60分钟以上",
                        "v": "4"
                    },
                    {
                        "n": "30~60分钟",
                        "v": "3"
                    },
                    {
                        "n": "10~30分钟",
                        "v": "2"
                    },
                    {
                        "n": "10分钟以下",
                        "v": "1"
                    }
                ]
            }
        ],

        

"戏曲": [
{"key": "tid",
"name": "分类",
"value": [
          {
            "n": "全部",
            "v": "戏曲"
          },
          {
            "n": "京剧",
            "v": "京剧超清"
          },
          {
            "n": "黄梅戏",
            "v": "黄梅戏超清"
          },
          {
            "n": "河北梆子",
            "v": "河北梆子超清"
          },
          {
            "n": "评剧",
            "v": "评剧超清"
          },
          {
            "n": "花鼓戏",
            "v": "花鼓戏超清"
          },
          {
            "n": "豫剧",
            "v": "豫剧超清"
          },
          {
            "n": "淮剧",
            "v": "淮剧超清"
          },
          {
            "n": "河南曲剧",
            "v": "河南曲剧超清"
          },
          {
            "n": "山东梆子",
            "v": "山东梆子超清"
          },
          {
            "n": "滑稽戏",
            "v": "滑稽戏超清"
          },
          {
            "n": "梆子腔",
            "v": "梆子腔超清"
          },
          {
            "n": "秦腔",
            "v": "秦腔超清"
          },
          {
            "n": "上党梆子",
            "v": "上党梆子超清"
          }
        ]
      },
      {
        "key": "duration",
        "name": "时长",
        "value": [
          {
            "n": "全部",
            "v": "0"
          },
          {
            "n": "60分钟以上",
            "v": "4"
          },
          {
            "n": "30~60分钟",
            "v": "3"
          },
          {
            "n": "10~30分钟",
            "v": "2"
          },
          {
            "n": "10分钟以下",
            "v": "1"
          }
				]
			}
		]
	}
}		  