{"spider":"./tong/fan.txt",
"wallpaper":"https://饭太硬.ml/深色壁纸/api.php",


"sites":
[
//{"key":"js豆瓣","name":"🐼️熊熊┃推荐","type":3,"api":"./tong/apiv23drpy.min.js","searchable":2,"quickSearch":0,"filterable":0,"ext":"./tong/douban.js"},
{"key":"csp_77","name":"🐼️熊熊┃推荐","type":3,"api":"csp_Kunyu77","searchable":1,"quickSearch":1,"filterable":1},
{"key":"Qtv","name":"🐧腾讯┃官源","type":3,"api":"csp_Qtv","searchable":1,"quickSearch":1,"filterable":1,"changeable":0},
{"key":"Itv","name":"🥝爱奇艺┃官源","type":3,"api":"csp_Itv","quickSearch":1,"searchable":1,"filterable":1,"changeable":0},
{"key":"Mtv","name":"🍋芒果┃官源","type":3,"api":"csp_Mtv","searchable":1,"quickSearch":1,"filterable":1,"changeable":0},
{"key":"360","name":"🍊360┃官源","type":3,"api":"./tong/apiv23drpy.min.js","ext":"./tong/360.js"},
{"key":"drpy_js_优酷","name":"👑优酷┃官源","type":3,"api":"./tong/apiv23drpy.min.js","ext":"./tong/youku.js"},
{"key":"drpy_js_菜狗","name":"🐶搜狗┃官源","type":3,"api":"./tong/apiv23drpy.min.js","ext":"./tong/sougou.js"},
{"key":"py_xigua","name":"🍉西瓜┃官源","type":3,"api":"py_cctv","searchable":1,"quickSearch":1,"filterable":1,"ext":"./tong/xigua.py"},
{"key": "蓝光官采", "name": "🐱小猫咪┃官源", "type": 1, "api": "http://zy.xiaomaomi.vip/api.php/provide/vod/?ac=list", "searchable": 1, "quickSearch": 1, "playUrl": "https://jx.jsonplayer.com/player/?url=", "filterable": 0, "categories": ["国产剧", "综艺", "动漫", "香港剧", "动作片", "科幻片", "战争片", "奇幻片", "喜剧片", "爱情片", "恐怖片", "犯罪片", "悬疑片", "惊悚片", "剧情片", "冒险片", "记录片"]},
{"key":"zy_新浪资源","name":"🏄🏻新浪┃资源","type":1,"api":"https://api.xinlangapi.com/xinlangapi.php/provide/vod/","searchable":1,"quickSearch":1,"filterable":0,"categories":["动漫","综艺","纪录片","动作片","爱情片","科幻片","战争片","剧情片","恐怖片","喜剧片","大陆剧","港澳剧","台湾剧","欧美剧","动漫电影","韩剧","日剧","泰剧","体育"]},


{"key":"新片热播","name":"🔷新片┃热播","type":1,"api":"https://api.iku.cool/api.php/provide/vod/?ac=list","searchable":1,"quickSearch":1,"filterable":0,"categories":["连续剧","动漫"]},
{"key":"磁力熊","name":"🐻磁力┃熊熊","type":3,"api":"csp_XBPQ","searchable":1,"quickSearch":1,"filterable":1,"ext":"./tong/磁力熊.json"},
//{"key":"csp_WoGG","name":"🐨玩偶┃4K","type":3,"api":"csp_WoGG","searchable":1,"quickSearch":1,"filterable":1,"ext": "./token.txt$$$http://wogg.xyz/"},
//{"key":"AppTT","name":"🐰图图┃影视","type":"3","api":"csp_Dora","changeable":"0","searchable":"1","quickSearch":"1","filterable":"1","ext":"110c922de7d69804467fb83d3bb664b5","jar":"./tong/custom_spider.jar;md5;a41ca4cee6c2af1fcc0c7fd0fc28fb3d"},
{"key":"csp_apple","name":"🍎小苹果┃App","type":3,"api":"csp_LiteApple","playerType":1,"searchable":1,"quickSearch":1,"filterable":1},
{"key":"csp_YQKAPP","name":"🎉一起看┃App","type":3,"api":"csp_YQKAPP","playerType":2,"searchable":1,"quickSearch":1,"filterable":1,"ext":"https://api-aws.11ty.top"},
{"key":"熊熊","name":"👒熊熊┃App","type":1,"api":"https://v.3412.net.cn/macapi.php/provide/vod","playUrl":"https://player.i597.cc/?url=","searchable":1,"changeable":1},
{"key":"csp_kuaikan","name":"👀快看┃App","type":3,"api":"csp_Kuaikan","searchable":1,"quickSearch":1,"filterable":1},
{"key":"黄黄","name":"😎黄黄┃App","api":"csp_AppYsV2","type":3,"filterable":1,"quickSearch":1,"searchable":1,"ext":"https://yayayaaapp.ynf.icu/api.php/app/"},
{"key":"csp_AppMr","name":"👻明明┃App","type":3,"api":"csp_AppMr","searchable":1,"quickSearch":1,"filterable":1},
{"key":"csp_BuLei","name":"⚡️布雷┃蓝光","type":3,"api":"csp_BuLei","searchable":1,"quickSearch":1,"filterable":1,"ext":"https://饭太硬.ga/$$$q905195306$$$CHANG123456789"},
{"key":"如意","name":"😏如意┃蓝光","type":3,"api":"csp_AppYsV2","searchable":1,"quickSearch":1,"filterable":1,"ext":"http://cms.maoyingshi.cc/api.php/app/"}, 
{"key":"多米","name":"🍚多米┃蓝光","type":3,"api":"csp_AppYsV2","ext":"http://vod.dmdh.top:5680/api.php/app/"},
{"key":"csp_app_源头","name":"🐈肥猫┃蓝光","type":1,"playerType":2,"api":"http://xn--wnup5g.xn--z7x900a.love:63/api.php/provide/vod/?ac=list","searchable":1,"quickSearch":1,"filterable":1,"playUrl":"https://jx.jsonplayer.com/player/?url="},
{"key":"csp_Lgyy","name":"🌀蓝光┃影院","type":3,"api":"csp_Lgyy","searchable":1,"quickSearch":1,"filterable":1,"ext":"https://www.lgyy.vip"},
{"key":"爱看影院","name":"🤩爱看┃影院","type":3,"api":"csp_XBPQ","searchable":1,"quickSearch":1,"filterable":1,"ext":"./tong/爱看影院.json"},



{"key":"量子","name":"🏂资源┃量子","type":0,"api":"https://cj.lziapi.com/api.php/provide/vod/at/xml/","searchable":1,"changeable":1,"categories":["国产动漫","日韩动漫","国产剧","韩国剧","日本剧","电影片","连续剧","综艺片","动漫片","动作片","喜剧片","爱情片","科幻片","恐怖片","剧情片","战争片","台湾剧","香港剧","欧美剧","记录片","海外剧","泰国剧","大陆综艺","港台综艺","日韩综艺","欧美综艺","欧美动漫","港台动漫","海外动漫","体育","足球","篮球","网球","斯诺克"]},
{"key":"非凡","name":"🦉资源┃非凡","type":0,"api":"http://cj.ffzyapi.com/api.php/provide/vod/at/xml/","searchable":1,"changeable":1,"categories":["国产动漫","日韩动漫","国产剧","韩国剧","日本剧","电影片","连续剧","综艺片","动漫片","动作片","喜剧片","爱情片","科幻片","恐怖片","剧情片","战争片","香港剧","欧美剧","记录片","台湾剧","海外剧","泰国剧","大陆综艺","港台综艺","日韩综艺","欧美综艺","欧美动漫","港台动漫","海外动漫"]},
{"key": "csp_XYQHiker_独播库","name":"🛩️独播┃库","type":3,"api":"csp_XYQHiker","searchable":1,"quickSearch":1,"filterable":1,"ext":"./tong/独播库.json","jar":"./tong/XYQ.jar;md5;F11FD6E9A2AB6748E2E28B49464B1641"},



{"key":"csp_Xinsj","name":"🐼视觉┃直连","type":3,"api":"csp_Xinsj","searchable":1,"quickSearch":1,"filterable":1,"ext":"https://6080dy4.com"},
{"key":"csp_Lib","name": "🌟利奥┃直连","type": 3,"api": "csp_Libvio","searchable": 1,"quickSearch": 1,"filterable": 1,"ext":"https://tv.libvio.cc/"},
{"key":"csp_Cokemv","name":"📕可乐┃直连","type":3,"api":"csp_Cokemv","playerType":2,"searchable":1,"quickSearch":1,"filterable":1},
{"key":"csp_Bttoo","name":"✌比特┃直连","type":3,"api":"csp_Bttwoo","searchable":1,"quickSearch":1,"filterable":1},
{"key":"csp_Dy1010","name":"❤️双十┃直连","type":3,"api":"csp_Dy1010","searchable":1,"quickSearch":1,"filterable":1},
{"key":"csp_Nmys","name":"🌾农民┃直连","type":3,"api":"csp_Nmys","searchable":1,"quickSearch":1,"filterable":1,"ext":"./tong/nmys.json"},
{"key":"csp_Czsapp","name":"📔厂长┃直连","type":3,"api":"csp_Czsapp","playerType":2,"searchable":1,"quickSearch":1,"filterable":1},
{"key":"csp_DiDuan" ,"name":"⏮️低端┃直连","type":3,"api":"csp_Ddrk","searchable":1,"quickSearch":1,"filterable":0},
{"key":"csp_fantuan","name":"🍙饭团┃直连","type":3,"api":"csp_Fantuan","searchable":1,"quickSearch":1,"filterable":1,"ext":"https://www.fantuanhd.com"},
{"key":"csp_Vofl","name":"🎈Vofl┃直连","type":3,"api":"csp_Voflix","searchable":1,"quickSearch":1,"filterable":1},
{"key":"csp_Auete","name":"🏝奥特┃直连","type": 3,"api":"csp_Auete","searchable":1,"quickSearch":1,"filterable":1},
{"key":"csp_zxzj","name":"📗在线┃直连","type":3,"api":"csp_Zxzj","searchable":1,"quickSearch":1,"filterable":1,"ext":"https://www.zxzj.pro/"},
{"key":"csp_Smdyy","name": "🐴神马┃直连","type": 3,"api": "csp_Smdyy","searchable": 1,"quickSearch": 1,"filterable": 1},
{"key":"csp_Ysgc","name":"🏭工厂┃直连","type":3,"api":"csp_Ysgc","searchable":1,"quickSearch":1,"filterable":1,"ext":"https://www.ysgc.vip"},
{"key":"csp_555","name":"5️⃣️五五┃直连","type":3,"api":"csp_Ys555","searchable":1,"quickSearch":1,"filterable":1,"ext":"https://www.555dyy1.com"},
{"key":"csp_Bd","name":"💥哔嘀┃直连","type":3,"api":"csp_Bdys01","searchable":1,"quickSearch":1,"filterable":1},



{"key":"七夜","name":"🐝七夜┃4K","type":3,"api":"csp_Dovx","searchable":1,"filterable":0,"changeable":0,"ext": "./token.txt"},
{"key":"YiSo","name":"😹易搜┃4K","type":3,"api":"csp_YiSo","searchable":1,"quickSearch":1,"filterable":0,"changeable":0,"ext": "./token.txt"},
{"key":"PanSou","name":"🦊盘搜┃4K","type":3,"api":"csp_PanSou","searchable":1,"quickSearch":1,"filterable":0,"changeable":0,"ext": "./token.txt"},
{"key":"UpYun","name":"😻Up搜┃4K","type":3,"api":"csp_UpYun","searchable":1,"quickSearch":1,"filterable":0,"changeable":0,"ext": "./token.txt"},
{"key":"PanSearch","name":"🙀盘Search┃4k","type":3,"api":"csp_PanSearch","searchable":1,"quickSearch":1,"filterable":0,"ext": "./token.txt"},
{"key":"Zhaozy","name":"🐺找资源┃4K","type":3,"api":"csp_Zhaozy","searchable":1,"quickSearch":1,"filterable":0,"changeable":0,"ext": "./token.txt$$$yunshuche$$$11223344"},
//{"key": "4KHDR","name":"🐭HDR┃4K","type":3,"api":"csp_XYQHikerAL","searchable":1,"quickSearch":1,"filterable":1,"ext":"./tong/4KHDR.json","jar":"./tong/YSC.jar;md5;0c8f389da29fc3ee9ecf2e94fc8a1c88"},
{"key":"yinfans","name":"🎻音范丝┃4K","type":3,"api":"csp_XPath","searchable":1,"quickSearch":1,"filterable":1,"ext":"./tong/音范丝.json"},


{"key":"直播","name":"📡电视┃直播","type":3,"playerType":1,"api":"./tong/apiv1471直播转点播.js","ext":"./tong/live.txt"},
{"key":"bili直播","name":"🅱️哔哩┃直播","type":3,"api":"./tong/apiv1489drpy2.min.js","ext":"./tong/blzb.js"},
{"key":"csp_Biliych","name":"🅱️哔哩┃音乐","type":3,"api":"csp_Bili","searchable":1,"quickSearch":0,"filterable":1,"ext":"./tong/biliych.json"},
{"key":"相声小品","name":"🅱️哔哩┃小品","type":3,"api":"csp_Bili","searchable":1,"quickSearch":1,"filterable":1,"ext":"./tong/Blixp.json"},
{"key": "戏 曲" ,"name": "🅱️哔哩┃戏曲","type":3,"api":"csp_Bili","searchable":1,"quickSearch":1,"filterable":1,"ext":"./tong/Blixq.json"},
{"key":"虎牙直播js","name":"🐯虎牙┃直播","type":3,"api":"./tong/apiv1579drpy.min.js","ext":"./tong/虎牙直播.js","searchable": 0,"quickSearch": 0,"filterable": 0},
{"key":"csp_XYQBiu_斗鱼","name":"🐟斗鱼┃直播","type":3,"api":"csp_XYQBiu","searchable":0,"quickSearch":0,"filterable":0,"ext":"./tong/斗鱼直播.json"},

//{"key": "csp_XBPQ_酷云77","name": "酷云77","type": 3,"api": "csp_XBPQ","searchable": 1,"quickSearch": 1,"filterable": 0,"ext":"./tong/七七.json"},



{"key":"csp_Alist1","name":"🅿Alist┃网盘","type":3,"api":"csp_AList","searchable":1,"quickSearch":0,"filterable":0,"changeable":0,"ext":"./tong/alist.json"},




{"key":"dr_兔小贝","name":"📚儿童┃启蒙","type":3,"api":"./tong/apiv1579drpy.min.js","ext":"./tong/兔小贝.js","searchable": 0,"quickSearch": 0,"filterable": 0},
{"key":"少儿教育","name":"📚少儿┃教育","type":3,"api":"csp_Bili","searchable":0,"quickSearch":0,"filterable":1,"ext":"./tong/少儿教育.json"},
{"key":"小学课堂","name":"📚小学┃课堂","type":3,"api":"csp_Bili","searchable":0,"quickSearch":0,"filterable":1,"ext":"./tong/小学课堂.json"},
{"key":"初中课堂","name":"📚初中┃课堂","type":3,"api":"csp_Bili","searchable":0,"quickSearch":0,"filterable":1,"ext":"./tong/初中课堂.json"},
{"key":"高中教育","name":"📚高中┃课堂","type":3,"api":"csp_Bili","searchable":0,"quickSearch":0,"filterable":1,"ext":"./tong/高中课堂.json"},
{"key":"cc","name":"🌸爱熊熊🌸","type":3,"api":"csp_XPath","searchable":0,"quickSearch":0,"filterable":0}],


"parses":
[
{"name":"Json聚合","type":3,"url":"Demo"},
{"name":"Web聚合","type":3,"url":"Web"},
{"name":"Json并发","type":2,"url":"Parallel"},
{"name":"Json轮询","type":2,"url":"Sequence"},
{"name":"FY4K","type":1,"url":"https://daina.hk/api/?key=e7eeb27cfc347b8de7c1bf0c40b3d3bb&url="},
//{"name":"左岸1","type":1,"url":"http://110.42.2.247:880/analysis/json/?uid=2148&my=ehjlmqtuFGJKLNPRU0&url="},
{"name":"左岸","type":1,"url":"http://110.42.2.247:880/analysis/json/?uid=2056&my=efjkmvBGHILMSUWXY0&url=","ext":{"flag":["qq","腾讯","qiyi","爱奇艺","奇艺","youku","优酷","sohu","搜狐","letv","乐视","imgo","mgtv","芒果","rx","ltnb","bilibili","1905","xigua"]}},
{"name":"爱奇艺","type":0,"url":"https://jx.zhanlangbu.com/?url="},
{"name":"腾讯","type":0,"url":"https://jx.777jiexi.com/player/?url="},
{"name": "芒果","type": 0,"url": "https://jx.jsonplayer.com/player/?url=","ext": {"flag": ["qq", "腾讯", "qiyi", "爱奇艺", "奇艺", "youku", "优酷", "mgtv", "芒果", "letv", "乐视", "pptv", "PPTV", "sohu", "bilibili", "哔哩哔哩", "哔哩"],"header":{"User-Agent":"okhttp/4.1.0"}}},
{"name": "优酷","type": 0,"url": "https://yun.ckmov.com/?url=","ext": {"flag": ["qq", "腾讯", "qiyi", "爱奇艺", "奇艺", "youku", "优酷", "mgtv", "芒果", "letv", "乐视", "pptv", "PPTV", "sohu", "bilibili", "哔哩哔哩", "哔哩"],"header":{"User-Agent":"okhttp/4.1.0"}}},
{"name": "西瓜","type": 0,"url": "https://www.nxflv.com/?url=","ext": {"flag":["qq","腾讯","企鹅","IQiYi","qiyi","爱奇艺","奇艺","youku","YouKu","优酷","sohu","SoHu","搜狐","letv","LeShi","乐视","imgo","mgtv","MangGuo","芒果","SLYS4k","BYGA","luanzi","AliS","dxzy","bilibili","QEYSS","xigua","西瓜视频","腾讯视频","奇艺视频","优酷视频","芒果视频","乐视视频"]}},
{"name": "搜狗","type": 0,"url": "https://jx.m3u8.pw/?url="},
{"name":"yim","type":1,"url":"http://json.yimufund.net/jsonindex.php?url=","ext":{"header":{"User-Agent":"LuaSocket 3.0-rc1"}}},
{"name":"XCY","type":1,"url":"http://xn--wnup5g.xn--z7x900a.love:63/Art0425/analysis.php?v="},
{"name":"880","type":1,"url":"http://110.42.2.247:880/analysis/json/?uid=2056&my=efjkmvBGHILMSUWXY0&url="},
{"name":"5566","type":1,"url":"http://47.119.122.235:5566/json/free.php?url="},
{"name":"4567","type":1,"url":"http://27.124.4.42:4567/jhjson/ceshi.php?url="},
{"name":"5555","type":1,"url":"http://113.125.122.109:5555/aiku.php?url="},
{"name":"48","type":1,"url":"http://119.181.100.243:48/jiexi/yun.php/?url="},
{"name":"腾腾直解","type":1,"url":"http://api.playaaaa.com/qq/000167kkkk.php?url=","ext":{"header":{"User-Agent":"Dart/2.18 (dart:io)"}}},
{"name":"腾腾解析","type":1,"url":"http://113.125.122.109:5555/aiku.php?url="},
{"name":"高清解析1","type":1,"url":"https://vip.ckllk.com/API.php?appkey=404164cdd1472561b4c61f1845e0bff8&url="},
{"name":"高清解析2","type":1,"url":"https://vip.xuux.icu/home/api?type=ys&uid=1325731&key=adfgilmnpwzBDEJPY3&url="},
{"name":"高清解析3","type":1,"url":"http://47.119.122.235:5566/json/free.php?url="},
{"name": "月亮1","type": "0","url": "https://www.aimoon.me/label/v.html?url=","ext": {"flag": ["qq","腾讯","qiyi","爱奇艺","奇艺","youku","优酷","sohu","搜狐","letv","乐视","mgtv","芒果","CL4K","renrenmi","ltnb","bilibili","1905","xigua"]}},
{"name": "月亮2","type": "0","url": "http://www.13tv.top/label/v.html?url=","ext": {"flag": ["qq","腾讯","qiyi","爱奇艺","奇艺","youku","优酷","sohu","搜狐","letv","乐视","mgtv","芒果","CL4K","renrenmi","ltnb","bilibili","1905","xigua"]}},
{"name":"小城","type":0,"url":"https://bf.xcds1.com/?url=","ext":{"flag":["qq","腾讯","qiyi","爱奇艺","奇艺","youku","优酷","mgtv","芒果","letv","乐视","pptv","PPTV","sohu","bilibili","哔哩哔哩","哔哩"]}},
{"name":"热播","type":0,"url":"https://vcnjsfnjshfolmllxoashnbjhxck12dd65xca2cdqas1236.junniu.net/analysis.php?v="},
{"name":"fei","type":0,"url":"https://vip.feifeiab.com/?url="},
{"name":"jh","type":1,"url":"http://27.124.4.42:4567/jhjson/ceshi.php?url="},
{"name":"jxdp","type":0,"url":"https://jxdp.codermart.net/?url=","ext":{"flag":["qq","腾讯","qiyi","爱奇艺","奇艺","youku","优酷","mgtv","芒果","letv","乐视","pptv","PPTV","sohu","bilibili","哔哩哔哩","哔哩"]}},
{"name":"llk","type":1,"url":"https://vip.ckllk.com/API.php?appkey=404164cdd1472561b4c61f1845e0bff8&url="},
{"name":"banben","type":0,"url":"http://jeixi.yungetv.top/player/?url="},
{"name":"H5D","type":0,"url":"https://player.iizny.com/?url="},
{"name":"wt1","type":0,"url":"http://jxapi.wutao7.top/miui/?url="},
{"name":"wt2","type":1,"url":"http://jxapi.wutao7.top/XL/?url="},
{"name":"bozrc","url":"https://jx.bozrc.com:4433/player/?url=","type":0,"ext":{"flag":["qiyi","imgo","爱奇艺","奇艺","qq","腾讯","youku","优酷","pptv","PPTV","letv","乐视","leshi","bilibili","哔哩哔哩","哔哩","mgtv","芒果","sohu","xigua","fun","风行"],"header":{"User-Agent":"Mozilla/5.0"}}},
{"name":"bf","type":1,"url":"https://bf.cpvps.cn/?url="},
{"name":"夜幕","type":0,"url":"https://www.yemu.xyz/v/d.php?url=","ext":{"flag":["qq","腾讯","企鹅","sohu","SoHu","搜狐","letv","LeShi","乐视","imgo","mgtv","MangGuo","芒果","SLYS4k","BYGA","luanzi","AliS","dxzy","bilibili","QEYSS","xigua","西瓜视频","腾讯视频","奇艺视频","优酷视频","芒果视频","乐视视频"]}},
{"name":"秒播","type":1,"url":"http://27.124.4.42:4567/jhjson/ceshi.php?url="},
{"name":"全民","type":0,"url":"http://api.wpsseo.cn/jx/?url=","ext":{"flag":["qq","腾讯","企鹅","sohu","SoHu","搜狐","imgo","mgtv","MangGuo","芒果","SLYS4k","BYGA","luanzi","AliS","dxzy","bilibili","QEYSS","xigua","西瓜视频","腾讯视频","奇艺视频","优酷视频","芒果视频","乐视视频"]}},
{"name":"8090","type":0,"url":"https://www.8090.la/8090/?url="},
{"name":"pan1","type":1,"url":"http://pandown.pro/app/doubiekan.php?url=","ext":{"flag":["qq","腾讯","qiyi","爱奇艺","奇艺","youku","优酷","sohu","搜狐","letv","乐视","mgtv","芒果","CL4K","renrenmi","ltnb","bilibili","1905","xigua"]}},
{"name":"pan2","type":1,"url":"http://pandown.pro/app/kkdy.php?url=","ext":{"flag":["qq","腾讯","qiyi","爱奇艺","奇艺","youku","优酷","sohu","搜狐","letv","乐视","mgtv","芒果","rx","ltnb","bilibili","1905","xigua"]}},
{"name":"BL","type":0,"url":"https://svip.bljiex.cc/index.php?url=","ext":{"flag":["qq","腾讯","企鹅","IQiYi","qiyi","爱奇艺","奇艺","sohu","SoHu","搜狐","imgo","mgtv","MangGuo","芒果","SLYS4k","BYGA","luanzi","AliS","dxzy","bilibili","QEYSS","xigua","西瓜视频","腾讯视频","奇艺视频","优酷视频","芒果视频","乐视视频"]}},
{"name":"剖云","type":0,"url":"https://www.pouyun.com/?url=","ext":{"flag":["sohu","SoHu","搜狐","letv","LeShi","乐视","imgo","mgtv","MangGuo","芒果","SLYS4k","BYGA","luanzi","AliS","dxzy","bilibili","QEYSS","xigua","西瓜视频","腾讯视频","奇艺视频","优酷视频","芒果视频","乐视视频"]}},
{"name":"icu","type":1,"url":"https://vip.xuux.icu/home/api?type=ys&uid=1325731&key=adfgilmnpwzBDEJPY3&url="},
{"name":"爱酷","type":0,"url":"https://jx.zhanlangbu.com/?url=","ext":{"flag":["qq","腾讯","qiyi","爱奇艺","奇艺","youku","优酷","mgtv","芒果","letv","乐视","pptv","PPTV","sohu","bilibili","哔哩哔哩","哔哩"],"header":{"User-Agent":"okhttp/4.1.0"}}},
{"name":"虾米","url":"https://jx.xmflv.com/?url=","type":0,"ext":{"flag":["qiyi","imgo","爱奇艺","奇艺","qq","腾讯","youku","优酷","pptv","PPTV","letv","乐视","leshi","bilibili","哔哩哔哩","哔哩","mgtv","芒果","sohu","xigua","fun","风行"],"header":{"User-Agent":"Mozilla/5.0"}}},
{"name":"cg","type":0,"url":"https://www.cgdyw.net/jiexi/jiexi-gf/?url="},
{"name":"okjx","type":0,"url":"https://okjx.cc/?url=","ext":{"flag":["IQiYi","qiyi","爱奇艺","奇艺","sohu","SoHu","搜狐","letv","LeShi","乐视","SLYS4k","BYGA","luanzi","AliS","dxzy","bilibili","QEYSS","xigua","西瓜视频","腾讯视频","奇艺视频","优酷视频","芒果视频","乐视视频"]}},
{"name":"abc","type":1,"url":"https://jx.ccabc.cc/jiexi.php?url="},
{"name":"bozrc","type":0,"url":"https://jx.bozrc.com:4433/player/?url=","ext":{"flag":["qq","腾讯","qiyi","爱奇艺","奇艺","youku","优酷","mgtv","芒果","letv","乐视","pptv","PPTV","sohu","bilibili","哔哩哔哩","哔哩"],"header":{"User-Agent":"okhttp/4.1.0"}}},
{"name":"无名","type":0,"url":"https://jx.jsonplayer.com/player/?url=","ext":{"flag":["qq","腾讯","qiyi","iqiyi","爱奇艺","奇艺","youku","优酷","mgtv","letv","乐视","pptv","PPTV","sohu","bilibili","哔哩哔哩","哔哩"]}},
{"name":"jf","type":1,"url":"http://jx.fuqizhishi.com:63/API.php?appkey=feimao&url="},
{"name":"mi","type":"1","url":"http://mi.sxdh.org/mgtv/qq.php?url="},
{"name":"M3U8","type":0,"url":"https://jx.m3u8.tv/jiexi/?url=","ext":{"flag":["sohu","SoHu","搜狐","SLYS4k","BYGA","luanzi","AliS","dxzy","bilibili","QEYSS","xigua","西瓜视频","腾讯视频","奇艺视频","优酷视频","芒果视频","乐视视频"]}}],




"rules":[
{"host":"*","rule":["default.365yg.com"]},
{"host":"dyxs20.com","rule":[".m3u8"]},
{"host":"www.agemys.cc","rule":["cdn-tos","obj/tos-cn"]},
{"host":"www.sharenice.net","rule":["http.*?/play.{0,3}\\?[^url]{2,8}=.*"]},
{"host":"www.sharenice.net","rule":["qianpailive.com","vid="]},
{"host":"*","rule":["douyin.com/aweme","video_id="]},
{"host":"*","rule":["huoshan.com","/item/video/"]},
{"host":"*","rule":["http((?!http).){12,}?\\.(m3u8|mp4|flv|avi|mkv|rm|wmv|mpg|m4a)\\?.*"]},
{"host":"*","rule":["http((?!http).){12,}\\.(m3u8|mp4|flv|avi|mkv|rm|wmv|mpg|m4a)"]}],


"lives":[{"name":"live","type":0,"url":"./tong/T.txt","playerType":1,"epg":"http://epg.112114.xyz/?ch={name}&date={date}","logo":"https://epg.112114.xyz/logo/{name}.png"}],


"flags":["youku","qq","QQ","iqiyi","qiyi","letv","sohu","tudou","pptv","PPTV","mgtv","ltnb","rx","SLYS4k","BYGA","BYGB","luanzi","dxzy","QEYSS","aliyun","AliS","122","chuangying","CL4K","xfyun","wuduzy","wasu","bilibili","renrenmi","xmm","xigua","m1905","funshion","优酷","芒果","腾讯","爱奇艺","奇艺","哔哩哔哩","哔哩","西瓜视频","腾讯视频","奇艺视频","优酷视频","芒果视频","乐视视频"],
"ijk":[
{"group":"软解码","options":[{"category":4,"name":"opensles","value":"0"},{"category":4,"name":"overlay-format","value":"842225234"},{"category":4,"name":"framedrop","value":"1"},{"category":4,"name":"soundtouch","value":"1"},{"category":4,"name":"start-on-prepared","value":"1"},{"category":1,"name":"http-detect-rangeupport","value":"0"},{"category":1,"name":"fflags","value":"fastseek"},{"category":2,"name":"skip_loop_filter","value":"48"},{"category":4,"name":"reconnect","value":"1"},{"category":4,"name":"enable-accurateeek","value":"0"},{"category":4,"name":"mediacodec","value":"0"},{"category":4,"name":"mediacodec-auto-rotate","value":"0"},{"category":4,"name":"mediacodec-handle-resolution-change","value":"0"},{"category":4,"name":"mediacodec-hevc","value":"0"},{"category":1,"name":"dns_cache_timeout","value":"600000000"}]},
{"group":"硬解码","options":[{"category":4,"name":"opensles","value":"0"},{"category":4,"name":"overlay-format","value":"842225234"},{"category":4,"name":"framedrop","value":"1"},{"category":4,"name":"soundtouch","value":"1"},{"category":4,"name":"start-on-prepared","value":"1"},{"category":1,"name":"http-detect-rangeupport","value":"0"},{"category":1,"name":"fflags","value":"fastseek"},{"category":2,"name":"skip_loop_filter","value":"48"},{"category":4,"name":"reconnect","value":"1"},{"category":4,"name":"enable-accurateeek","value":"0"},{"category":4,"name":"mediacodec","value":"1"},{"category":4,"name":"mediacodec-auto-rotate","value":"1"},{"category":4,"name":"mediacodec-handle-resolution-change","value":"1"},{"category":4,"name":"mediacodec-hevc","value":"1"},{"category":1,"name":"dns_cache_timeout","value":"600000000"}]}],


"ads":["wan.51img1.com","iqiyi.hbuioo.com","vip.ffzyad.com","https://lf1-cdn-tos.bytegoofy.com/obj/tos-cn-i-dy/455ccf9e8ae744378118e4bd289288dd","mimg.0c1q0l.cn","www.googletagmanager.com","www.google-analytics.com","mc.usihnbcq.cn","mg.g1mm3d.cn","mscs.svaeuzh.cn","cnzz.hhttm.top","tp.vinuxhome.com","iqiyi.hbuioo.com","vip.ffzyad.com",
"cnzz.mmstat.com","www.baihuillq.com","s23.cnzz.com","z3.cnzz.com","c.cnzz.com","stj.v1vo.top","z12.cnzz.com","img.mosflower.cn","tips.gamevvip.com","ehwe.yhdtns.com",
"xdn.cqqc3.com","www.jixunkyy.cn","sp.chemacid.cn","hm.baidu.com","s9.cnzz.com","z6.cnzz.com","um.cavuc.com","mav.mavuz.com","wofwk.aoidf3.com","z5.cnzz.com","so.toutiao.com",
"xc.hubeijieshikj.cn","tj.tianwenhu.com","xg.gars57.cn","k.jinxiuzhilv.com","cdn.bootcss.com","ppl.xunzhuo123.com","xomk.jiangjunmh.top","img.xunzhuo123.com","z1.cnzz.com",
"s13.cnzz.com","xg.huataisangao.cn","z7.cnzz.com","xg.huataisangao.cn","z2.cnzz.com","s96.cnzz.com","q11.cnzz.com","thy.dacedsfa.cn","xg.whsbpw.cn","s19.cnzz.com",
"z8.cnzz.com","s4.cnzz.com","f5w.as12df.top","ae01.alicdn.com","www.92424.cn","k.wudejia.com","vivovip.mmszxc.top","qiu.xixiqiu.com","cdnjs.hnfenxun.com","cms.qdwght.com"]}
