{
    "分类url": "https://www.freeok.vip/vodshow/{cateId}-{area}-{by}-{class}-----{catePg}---{year}.html;;m", 
    "分类": "电影&剧集&动漫&综艺", 
    "分类值": "1&2&3&4", 
    "嗅探词":"m3u8#.m3u8#.mp4#mp4",
    "搜索url": "https://www.cupfox.app/s/{wd}",
	"搜索模式": "1",
	"搜索二次截取": "type=\"application/json\">&&</script>",
	"搜索数组": "{\"te&&}[包含:freeok]",
	"搜索图片": "http://xhww.fun:63/小米/4.jpeg",
	"搜索标题": "xt\":\"&&\"",
	"搜索副标题": "freeok",
	"搜索链接": "\"url\":\"&&\"",
    //"搜索url": "/vodsearch/-------------.html?wd={wd}", 
    //"搜索数组": "module-item\">&&</a>", 
    //"搜索图片": "data-original=\"&&\"", 
    //"搜索标题": "alt=\"&&\"", 
    ////"搜索链接": "href=\"&&\"", 
    "搜索副标题": "module-item-note\">&&</div>", 
    "导演": "导演：&&</div>", 
    "主演": "主演：&&</div>", 
    "简介": "<p>&&</p>"
    //"跳转播放链接": "https://www.freeok.vip/m3u8I37Bm0Bl/?url=+vod_class*url\":\"&&\"", 
    //"二次跳转播放链接": "https://www.freeok.vip/m3u8I37Bm0Bl/API.php;post;url=+\"url\"*\"&&\"+&time=+\"time\"*\"&&\"+&key=+\"key\"*\"&&\"", 
    //"三次跳转播放链接": "\"url\"*\"&&\""
}