{
	"站名": "一龙影视",
	//"请求头":"User-Agent$Mozilla/5.0 (Macintosh; Intel Mac OS X 10_15_7) AppleWebKit/537.36 (KHTML, like Gecko) Chrome/114.0.0.0 Safari/537.36#Referer$http://www.yilonghd.com/",
	"播放请求头":"User-Agent$Dalvik/2.1.0",
	"主页url": "http://www.yilonghd.com/",
	"过滤词":"daina.hk",
	"嗅探词":".m3u8#.mp4#video_mp4#feiyunNB.mp4#.mp4#cdn.123pan.cn#huoshanvod.com",
	"简介": "<div class=\"stui-pannel_bd\"&&</div>",
	"导演": "导演：&&</p>",
	"主演": "主演：&&</p>",
	"影片类型": "类型：&&立即播放",
	"影片状态": "更新：&&</p>",
	"影片年代": "年份：&&</a>",
	"影片地区": "地区：&&</a>",
	"数组": "vodlist__thumb&&</a>",
	"图片": "data-original=\"&&\"",
	"标题": "title=\"&&\"",
	"副标题": "ic-text text-right\" style=\"\">&&</span>",
	"链接": "href=\"&&\"",
	"搜索url": "http://www.yilonghd.com/type/id-.html?wd={wd}",
	"搜索模式": "1",
	"线路数组": "data-toggle=&&</li>[不包含:无尽线路#备用][替换:极速>>无广告有4K#奇热>>无广告1080P#量子>>广告1#非凡>>广告2#自建>>等修复]",
	"线路标题": ">&&</a>",
	"播放数组": "stui-content__playlist clearfix&&</ul>",
	"播放标题": ">&&<",
	"播放列表": "<a&&/a>",
	"分类url": "http://www.yilonghd.com/show/id-{cateId}/area/{area}/by/{by}/class/{class}/lang/{lang}/page/{catePg}/year/{year}.html;;a",
	"分类": "电影$1#电视剧$2#综艺$3#动漫$4#纪录片$5"
}