{
    "作者": "",
    "站名": "飞云",
    "首页": "电影",
    "主页url": "http://i.xn--z7x900a.love:63/api.php/provide/vod?ac=detail&t=21&pg=1&f=",
    "分类": "电影&电视剧&综艺&动漫",
    "分类值": "1&2&4&3",
    "分类url": "http://i.xn--z7x900a.love:63/api.php/provide/vod?ac=detail&t={cateId}&pg={catePg}&f=};;u0",
    "数组二次截取": "list\":[&&]",
    "数组": "{&&}",
    "图片": "vod_pic\"*\"&&\"",
    "标题": "vod_name\"*\"&&\"",
    "副标题": "vod_remarks\"*\"&&\"",
    "链接": "http://i.xn--z7x900a.love:63/api.php/provide/vod?ac=detail&ids=+vod_id\":&&,",
    "搜索url": "http://i.xn--z7x900a.love:63//api.php/provide/vod?ac=detail&wd={wd}",
    "搜索模式": "1",
    "搜索二次截取": "list\":[&&]",
    "搜索数组": "{&&}[不包含:肥猫不肥]",
    "搜索图片": "vod_pic\"*\"&&\"",
    "搜索标题": "vod_name\"*\"&&\"",
    "搜索副标题": "vod_remarks\"*\"&&\"[替换:肥猫4K>>小米4K]",
    "搜索链接": "http://i.xn--z7x900a.love:63/api.php/provide/vod?ac=detail&ids=+vod_id\":&&,",
    "影片类型": "vod_class\"*\"&&\"",
    "导演": "vod_director\"*\"&&\"",
    "主演": "vod_actor\"*\"&&\"",
    "简介": "vod_content\"*\"&&\"",
    "线路二次截取": "\"list\":[&&]",
    "线路数组": "\"vod_play_from\":&&,",
    "线路标题": "\"&&\"",
    "播放数组": "vod_play_url\":&&,[替换:\">>链表题#$>>题链#\\#>>链表表题]",
    "播放二次截取": "",
    "播放列表": "表&&表",
    "播放标题": "题&&题",
    "播放链接": "https://player.xy1080.xyz/player/ec.php?code=xy&if=1&url=+链&&链",
    "过滤词":"daina.hk",
    "嗅探词":"mp4#m3u8#.m3u8#.mp4#video_mp4#feiyunNB.mp4#.mp4#cdn.123pan.cn#huoshanvod.com",
    //"跳转播放链接": "url\"*\"&&\"",
    "倒序播放": "0",
    "免嗅": "0",
    "过滤词": ""
}