{
  "分类": "电影$1#电视剧$2#综艺$3#动漫$4",
				"分类url": "https://www.6080yy3.com/vodshow/{cateId}-{area}-{by}-{class}-{lang}-{letter}---{catePg}---{year}.html;;ma",
				"数组": "<div class=\"module-item-pic\">&&<div class=\"module-item\">",
				"图片": "data-src=\"&&\"",
				"标题": "alt=\"&&\"",
				"链接": "href=\"&&\"",
				"嗅探词":"m3u8#.m3u8#.mp4#mp4",
				"副标题": "<div class=\"module-item-text\">&&</div>",
				"搜索url": "/vodsearch/{wd}----------{pg}---.html",
				"搜索模式": "1",
				"搜索数组": "<img class=\"lazy lazyload&&<h3>",
				"搜索图片": "data-src=\"&&\"",
				"搜索标题": "alt=\"&&\"",
				"搜索链接": "href=\"&&\"",
				"搜索副标题": "title=*>&&</a>",
				"搜索后缀": "/video/",
				"线路数组": "data-dropdown-value=&&</div>",
				"线路标题": "<span>&&</small>",
				"播放数组": "<div class=\"sort-item\"&&</div>",
				"影片类型": "class=\"slash\">&&立即播放",
				"导演": "导演：&&</div>",
				"主演": "主演：&&</div>",
				"简介": "<div class=\"video-info-item video-info-content vod_content\">&&</span>",
				"播放列表": "<a&&</a>",
				"播放标题": "<span>&&</span>",
				"播放链接": "href=\"&&\""
    
}