{
    "主页url": "https://cddys.vip/", 
    "分类": "电影$1#电视剧$2#综艺$3#动漫$4", 
    "分类url": "https://cddys.vip//vodshow/{cateId}-{area}-{by}-{class}-{lang}----{catePg}---{year}.html;;a", 
    "跳转播放链接": "https://bfq.cddys.vip/cybfq/analysis.php?v=+vod_class*url\":\"&&\"", 
    "线路数组":"<div class=\"module-tab-item tab-item&&</div",
	"线路标题":"<span>&&</span",
    //"二次跳转播放链接": "https://bfq.cddys.vip/bfq/API.php;post;url=+\"url\"*\"&&\"+&time=+\"time\"*\"&&\"+&key=+\"key\"*\"&&\"", 
    "二次跳转播放链接": "var url*\"&&\""
}
