    {
        
    "站名":"一龙影视",
    
    "主页url":"http://www.yilonghd.com/",
    
    "简介":"<div class=\"stui-pannel_bd\"&&</div>",
    
    "导演":"导演：&&</p>",
    
    "主演":"主演：&&</p>",
    
    "影片类型":"类型：&&立即播放",
    
    "影片状态":"更新：&&</p>",
    
    "影片年代":"年份：&&</a>",
    
    "影片地区":"地区：&&</a>",
    
    "数组":"vodlist__thumb&&</a>",
    
    "图片":"data-original=\"&&\"",
    
    "标题":"title=\"&&\"",
    
    "副标题":"ic-text text-right\" style=\"\">&&</span>",
    
    "链接":"href=\"&&\"",
    
    "搜索url":"/search.html?wd={wd}",
    
    "搜索模式":"1",
    
    "搜索后缀":"/detail/",
    
    "搜索数组":"stui-vodlist__thumb&&</a>",
    
    "搜索图片":"data-original=\"&&\"",
    
    "搜索标题":"title=\"&&\"",
    
    "搜索副标题":"text-right\">&&</span>",
    
    "搜索链接":"href=\"&&\"",
    
    "线路数组":"data-toggle=&&</li>[不包含:无尽线路]",
    
    "线路标题":">&&</a>",
    
    "播放数组":"stui-content__playlist clearfix&&</ul>",
    
    "播放标题":">&&<",
    
    "播放列表":"<a&&/a>",
    
    "分类url":"http://www.yilonghd.com/show/id-{cateId}/area/{area}/by/{by}/class/{class}/lang/{lang}/page/{catePg}/year/{year}.html;;ak",
    
    "分类":"电影$1#电视剧$2#综艺$3#动漫$4#纪录片$5",
    
    "筛选":{
    "1":[
    {"key":"cateId","name":"类型","value":[
    {"n":"全部类型","v":"1"},
    {"n":"动画片","v":"6"}
    ]
    },
    {"key":"class","name":"剧情","value":[
    {"n":"全部剧情","v":""},
    {"n":"喜剧","v":"喜剧"},
    {"n":"爱情","v":"爱情"},
    {"n":"恐怖","v":"恐怖"},
    {"n":"动作","v":"动作"},
    {"n":"科幻","v":"科幻"},
    {"n":"剧情","v":"剧情"},
    {"n":"战争","v":"战争"},
    {"n":"犯罪","v":"犯罪"},
    {"n":"灾难","v":"灾难"},
    {"n":"奇幻","v":"奇幻"},
    {"n":"悬疑","v":"悬疑"},
    {"n":"惊悚","v":"惊悚"},
    {"n":"冒险","v":"冒险"}
    ]
    },
    {"key":"area","name":"地区","value":[
    {"n":"全部地区","v":""},
    {"n":"大陆","v":"大陆"},
    {"n":"香港","v":"香港"},
    {"n":"台湾","v":"台湾"},
    {"n":"美国","v":"美国"},
    {"n":"法国","v":"法国"},
    {"n":"英国","v":"英国"},
    {"n":"日本","v":"日本"},
    {"n":"韩国","v":"韩国"},
    {"n":"德国","v":"德国"},
    {"n":"泰国","v":"泰国"},
    {"n":"印度","v":"印度"},
    {"n":"其他","v":"其他"}
    ]
    },
    {"key":"year","name":"时间","value":[
    {"n":"全部时间","v":""},
    {"n":"2023","v":"2023"},
    {"n":"2022","v":"2022"},
    {"n":"2021","v":"2021"},
    {"n":"2020","v":"2020"},
    {"n":"2019","v":"2019"},
    {"n":"2018","v":"2018"},
    {"n":"2017","v":"2017"},
    {"n":"2016","v":"2016"},
    {"n":"2008","v":"2008"},
    {"n":"2000","v":"2000"},
    {"n":"1997","v":"1997"},
    {"n":"1980","v":"1980"}
    ]
    },
    {"key":"lang","name":"语言","value":[
    {"n":"全部语言","v":""},
    {"n":"普通话","v":"普通话"},
    {"n":"英语","v":"英语"},
    {"n":"粤语","v":"粤语"},
    {"n":"闽南语","v":"闽南语"},
    {"n":"韩语","v":"韩语"},
    {"n":"日语","v":"日语"},
    {"n":"法语","v":"法语"},
    {"n":"德语","v":"德语"},
    {"n":"其它","v":"其它"}
    ]
    },
    {"key":"by","name":"排序","value":[
    {"n":"全部排序","v":""},
    {"n":"时间排序","v":"time"},
    {"n":"人气排序","v":"hits"},
    {"n":"评分排序","v":"score"}
    ]
    }
    ],
    "2":[
    {"key":"class","name":"剧情","value":[
    {"n":"全部剧情","v":""},
    {"n":"古装","v":"古装"},
    {"n":"战争","v":"战争"},
    {"n":"偶像","v":"偶像"},
    {"n":"犯罪","v":"犯罪"},
    {"n":"奇幻","v":"奇幻"},
    {"n":"剧情","v":"剧情"},
    {"n":"历史","v":"历史"},
    {"n":"网剧","v":"网剧"}
    ]
    },
    {"key":"area","name":"地区","value":[
    {"n":"全部地区","v":""},
    {"n":"大陆","v":"大陆"},
    {"n":"香港","v":"香港"},
    {"n":"台湾","v":"台湾"},
    {"n":"美国","v":"美国"},
    {"n":"法国","v":"法国"},
    {"n":"英国","v":"英国"},
    {"n":"日本","v":"日本"},
    {"n":"韩国","v":"韩国"},
    {"n":"德国","v":"德国"},
    {"n":"泰国","v":"泰国"},
    {"n":"印度","v":"印度"},
    {"n":"其他","v":"其他"}
    ]
    },
    {"key":"year","name":"时间","value":[
    {"n":"全部时间","v":""},
    {"n":"2023","v":"2023"},
    {"n":"2022","v":"2022"},
    {"n":"2021","v":"2021"},
    {"n":"2020","v":"2020"},
    {"n":"2019","v":"2019"},
    {"n":"2018","v":"2018"},
    {"n":"2017","v":"2017"},
    {"n":"2016","v":"2016"},
    {"n":"2008","v":"2008"},
    {"n":"2000","v":"2000"},
    {"n":"1997","v":"1997"},
    {"n":"1980","v":"1980"}
    ]
    },
    {"key":"lang","name":"语言","value":[
    {"n":"全部语言","v":""},
    {"n":"普通话","v":"普通话"},
    {"n":"英语","v":"英语"},
    {"n":"粤语","v":"粤语"},
    {"n":"闽南语","v":"闽南语"},
    {"n":"韩语","v":"韩语"},
    {"n":"日语","v":"日语"},
    {"n":"法语","v":"法语"},
    {"n":"德语","v":"德语"},
    {"n":"其它","v":"其它"}
    ]
    },
    {"key":"by","name":"排序","value":[
    {"n":"全部排序","v":""},
    {"n":"时间排序","v":"time"},
    {"n":"人气排序","v":"hits"},
    {"n":"评分排序","v":"score"}
    ]
    }
    ],
    "3":[
    {"key":"class","name":"剧情","value":[
    {"n":"全部剧情","v":""},
    {"n":"相声","v":"相声"},
    {"n":"真人秀","v":"真人秀"},
    {"n":"脱口秀","v":"脱口秀"},
    {"n":"选秀","v":"选秀"},
    {"n":"情感","v":"情感"},
    {"n":"播报","v":"播报"},
    {"n":"旅游","v":"旅游"},
    {"n":"音乐","v":"音乐"},
    {"n":"美食","v":"美食"},
    {"n":"纪实","v":"纪实"},
    {"n":"舞蹈","v":"舞蹈"}
    ]
    },
    {"key":"area","name":"地区","value":[
    {"n":"全部地区","v":""},
    {"n":"大陆","v":"大陆"},
    {"n":"香港","v":"香港"},
    {"n":"台湾","v":"台湾"},
    {"n":"日本","v":"日本"},
    {"n":"欧美","v":"欧美"},
    {"n":"韩国","v":"韩国"}
    ]
    },
    {"key":"year","name":"时间","value":[
    {"n":"全部时间","v":""},
    {"n":"2023","v":"2023"},
    {"n":"2022","v":"2022"},
    {"n":"2021","v":"2021"},
    {"n":"2020","v":"2020"},
    {"n":"2019","v":"2019"},
    {"n":"2018","v":"2018"},
    {"n":"2017","v":"2017"},
    {"n":"2016","v":"2016"},
    {"n":"2008","v":"2008"},
    {"n":"2000","v":"2000"},
    {"n":"1997","v":"1997"},
    {"n":"1980","v":"1980"}
    ]
    },
    {"key":"lang","name":"语言","value":[
    {"n":"全部语言","v":""},
    {"n":"普通话","v":"普通话"},
    {"n":"英语","v":"英语"},
    {"n":"粤语","v":"粤语"},
    {"n":"闽南语","v":"闽南语"},
    {"n":"韩语","v":"韩语"},
    {"n":"日语","v":"日语"},
    {"n":"法语","v":"法语"},
    {"n":"德语","v":"德语"},
    {"n":"其它","v":"其它"}
    ]
    },
    {"key":"by","name":"排序","value":[
    {"n":"全部排序","v":""},
    {"n":"时间排序","v":"time"},
    {"n":"人气排序","v":"hits"},
    {"n":"评分排序","v":"score"}
    ]
    }
    ],
    "4":[
    {"key":"class","name":"剧情","value":[
    {"n":"全部剧情","v":""},
    {"n":"科幻","v":"科幻"},
    {"n":"热血","v":"热血"},
    {"n":"推理","v":"推理"},
    {"n":"搞笑","v":"搞笑"},
    {"n":"冒险","v":"冒险"},
    {"n":"萝莉","v":"萝莉"},
    {"n":"校园","v":"校园"},
    {"n":"动作","v":"动作"},
    {"n":"机战","v":"机战"},
    {"n":"运动","v":"运动"},
    {"n":"战争","v":"战争"},
    {"n":"少年","v":"少年"},
    {"n":"少女","v":"少女"}
    ]
    },
    {"key":"area","name":"地区","value":[
    {"n":"全部地区","v":""},
    {"n":"大陆","v":"大陆"},
    {"n":"香港","v":"香港"},
    {"n":"台湾","v":"台湾"},
    {"n":"日本","v":"日本"},
    {"n":"欧美","v":"欧美"}
    ]
    },
    {"key":"year","name":"时间","value":[
    {"n":"全部时间","v":""},
    {"n":"2023","v":"2023"},
    {"n":"2022","v":"2022"},
    {"n":"2021","v":"2021"},
    {"n":"2020","v":"2020"},
    {"n":"2019","v":"2019"},
    {"n":"2018","v":"2018"},
    {"n":"2017","v":"2017"},
    {"n":"2016","v":"2016"},
    {"n":"2008","v":"2008"},
    {"n":"2000","v":"2000"},
    {"n":"1997","v":"1997"},
    {"n":"1980","v":"1980"}
    ]
    },
    {"key":"lang","name":"语言","value":[
    {"n":"全部语言","v":""},
    {"n":"普通话","v":"普通话"},
    {"n":"英语","v":"英语"},
    {"n":"粤语","v":"粤语"},
    {"n":"闽南语","v":"闽南语"},
    {"n":"韩语","v":"韩语"},
    {"n":"日语","v":"日语"},
    {"n":"法语","v":"法语"},
    {"n":"德语","v":"德语"},
    {"n":"其它","v":"其它"}
    ]
    },
    {"key":"by","name":"排序","value":[
    {"n":"全部排序","v":""},
    {"n":"时间排序","v":"time"},
    {"n":"人气排序","v":"hits"},
    {"n":"评分排序","v":"score"}
    ]
    }
    ],
    "5":[
    {"key":"class","name":"剧情","value":[
    {"n":"全部剧情","v":""},
    {"n":"历史","v":"历史"},
    {"n":"传记","v":"传记"},
    {"n":"生活","v":"生活"},
    {"n":"人文","v":"人文"},
    {"n":"地理","v":"地理"},
    {"n":"舞台","v":"舞台"},
    {"n":"专题","v":"专题"},
    {"n":"时事","v":"时事"},
    {"n":"宣传","v":"宣传"}
    ]
    },
    {"key":"area","name":"地区","value":[
    {"n":"全部地区","v":""},
    {"n":"大陆","v":"大陆"},
    {"n":"香港","v":"香港"},
    {"n":"台湾","v":"台湾"},
    {"n":"美国","v":"美国"},
    {"n":"法国","v":"法国"},
    {"n":"英国","v":"英国"},
    {"n":"日本","v":"日本"},
    {"n":"韩国","v":"韩国"},
    {"n":"德国","v":"德国"},
    {"n":"泰国","v":"泰国"},
    {"n":"印度","v":"印度"},
    {"n":"其他","v":"其他"}
    ]
    },
    {"key":"year","name":"时间","value":[
    {"n":"全部时间","v":""},
    {"n":"2023","v":"2023"},
    {"n":"2022","v":"2022"},
    {"n":"2021","v":"2021"},
    {"n":"2020","v":"2020"},
    {"n":"2019","v":"2019"},
    {"n":"2018","v":"2018"},
    {"n":"2017","v":"2017"},
    {"n":"2016","v":"2016"},
    {"n":"2008","v":"2008"},
    {"n":"2000","v":"2000"},
    {"n":"1997","v":"1997"},
    {"n":"1980","v":"1980"}
    ]
    },
    {"key":"lang","name":"语言","value":[
    {"n":"全部语言","v":""},
    {"n":"普通话","v":"普通话"},
    {"n":"英语","v":"英语"},
    {"n":"粤语","v":"粤语"},
    {"n":"闽南语","v":"闽南语"},
    {"n":"韩语","v":"韩语"},
    {"n":"日语","v":"日语"},
    {"n":"法语","v":"法语"},
    {"n":"德语","v":"德语"},
    {"n":"其它","v":"其它"}
    ]
    },
    {"key":"by","name":"排序","value":[
    {"n":"全部排序","v":""},
    {"n":"时间排序","v":"time"},
    {"n":"人气排序","v":"hits"},
    {"n":"评分排序","v":"score"}
    ]
    }
    ]
    }
    }
