    {
    
    "站名":"思古影视",
    
    "主页url":"https://www.siguyy.com/",
    
    "简介":"剧情简介','&&','500','350'",
        
    "影片状态":"text-red\">&&</p>",
    
    "影片类型":"分类：&&</a>",
    
    "影片地区":"地区：&&</a>",
    
    "影片年代":"年份：&&</a>",
    
    "导演":"导演：&&</p>",
    
    "主演":"主演：&&</p>",
    
    "数组":"myui-vodlist__thumb lazyload\"&&/a>",
    
    "图片":"data-original=\"&&\"",
    
    "标题":"title=\"&&\"",
    
    "链接":"href=\"&&\"",
    
    "副标题":"text-right\">&&<",
        
    "搜索url":"/search/-------------.html?wd={wd}&submit=",
    
    "搜索数组":"myui-vodlist__thumb&&/a>",
    
    "搜索图片":"data-original=\"&&\"",
    
    "搜索标题":"title=\"&&\"",
    
    "搜索副标题":"text-right\">&&<",
    
    "搜索链接":"href=\"&&\"",
    
    "播放数组":"content__list&&</ul>",
    
    "播放标题":">&&<",
    
    "播放列表":"<a&&/a>",
    
    "线路数组":"data-toggle=&&</li>[排序:自建路线>蓝光>高清]",
    
    "线路标题":"\"tab\"&&</a>",
    
    "分类url":"https://www.siguyy.com/show/{cateId}-{area}-{by}-{class}-----{catePg}---{year}.html;;akd0",
    
    "分类":"电影$m#电视剧$tv#综艺$va#动漫$ct#少儿$se",
    
    "筛选":{
    "m":[
    {"key":"class","name":"剧情","value":[
    {"n":"全部剧情","v":""},
    {"n":"喜剧","v":"喜剧"},
    {"n":"爱情","v":"爱情"},
    {"n":"恐怖","v":"恐怖"},
    {"n":"动作","v":"动作"},
    {"n":"科幻","v":"科幻"},
    {"n":"剧情","v":"剧情"},
    {"n":"战争","v":"战争"},
    {"n":"犯罪","v":"犯罪"},
    {"n":"动画","v":"动画"},
    {"n":"奇幻","v":"奇幻"},
    {"n":"武侠","v":"武侠"},
    {"n":"冒险","v":"冒险"},
    {"n":"恐怖","v":"恐怖"},
    {"n":"悬疑","v":"悬疑"},
    {"n":"惊悚","v":"惊悚"},
    {"n":"微电影","v":"微电影"},
    {"n":"古装","v":"古装"},
    {"n":"历史","v":"历史"},
    {"n":"儿童","v":"儿童"}
    ]
    },
    {"key":"area","name":"地区","value":[
    {"n":"全部地区","v":""},
    {"n":"大陆","v":"大陆"},
    {"n":"香港","v":"香港"},
    {"n":"台湾","v":"台湾"},
    {"n":"美国","v":"美国"},
    {"n":"法国","v":"法国"},
    {"n":"英国","v":"英国"},
    {"n":"日本","v":"日本"},
    {"n":"韩国","v":"韩国"},
    {"n":"印度","v":"印度"}
    ]
    },
    {"key":"year","name":"时间","value":[
    {"n":"全部时间","v":""},
    {"n":"2023","v":"2023"},
    {"n":"2022","v":"2022"},
    {"n":"2021","v":"2021"},
    {"n":"2020","v":"2020"},
    {"n":"2019","v":"2019"},
    {"n":"2018","v":"2018"},
    {"n":"2017","v":"2017"},
    {"n":"2016","v":"2016"},
    {"n":"2015","v":"2015"},
    {"n":"2014","v":"2014"},
    {"n":"2013","v":"2013"},
    {"n":"2012","v":"2012"}
    ]
    },
    {"key":"by","name":"排序","value":[
    {"n":"全部排序","v":""},
    {"n":"时间排序","v":"time"},
    {"n":"人气排序","v":"hits"},
    {"n":"评分排序","v":"score"}
    ]
    }
    ],
    "tv":[
    {"key":"class","name":"剧情","value":[
    {"n":"全部剧情","v":""},
    {"n":"古装","v":"古装"},
    {"n":"青春","v":"青春"},
    {"n":"偶像","v":"偶像"},
    {"n":"喜剧","v":"喜剧"},
    {"n":"家庭","v":"家庭"},
    {"n":"犯罪","v":"犯罪"},
    {"n":"动作","v":"动作"},
    {"n":"剧情","v":"剧情"},
    {"n":"历史","v":"历史"},
    {"n":"情景","v":"情景"},
    {"n":"商战","v":"商战"},
    {"n":"网剧","v":"网剧"}
    ]
    },
    {"key":"area","name":"地区","value":[
    {"n":"全部地区","v":""},
    {"n":"大陆","v":"大陆"},
    {"n":"韩国","v":"韩国"},
    {"n":"香港","v":"香港"},
    {"n":"台湾","v":"台湾"},
    {"n":"日本","v":"日本"},
    {"n":"美国","v":"美国"},
    {"n":"泰国","v":"泰国"}
    ]
    },
    {"key":"year","name":"时间","value":[
    {"n":"全部时间","v":""},
    {"n":"2023","v":"2023"},
    {"n":"2022","v":"2022"},
    {"n":"2021","v":"2021"},
    {"n":"2020","v":"2020"},
    {"n":"2019","v":"2019"},
    {"n":"2018","v":"2018"},
    {"n":"2017","v":"2017"},
    {"n":"2016","v":"2016"},
    {"n":"2015","v":"2015"},
    {"n":"2014","v":"2014"},
    {"n":"2013","v":"2013"},
    {"n":"2012","v":"2012"}
    ]
    },
    {"key":"by","name":"排序","value":[
    {"n":"全部排序","v":""},
    {"n":"时间排序","v":"time"},
    {"n":"人气排序","v":"hits"},
    {"n":"评分排序","v":"score"}
    ]
    }
    ],
    "va":[
    {"key":"class","name":"剧情","value":[
    {"n":"全部剧情","v":""},
    {"n":"选秀","v":"选秀"},
    {"n":"情感","v":"情感"},
    {"n":"访谈","v":"访谈"},
    {"n":"音乐","v":"音乐"},
    {"n":"美食","v":"美食"},
    {"n":"曲艺","v":"曲艺"},
    {"n":"生活","v":"生活"}
    ]
    },
    {"key":"area","name":"地区","value":[
    {"n":"全部地区","v":""},
    {"n":"大陆","v":"大陆"},
    {"n":"香港","v":"香港"},
    {"n":"韩国","v":"韩国"},
    {"n":"日本","v":"日本"},
    {"n":"台湾","v":"台湾"},
    {"n":"美国","v":"美国"}
    ]
    },
    {"key":"year","name":"时间","value":[
    {"n":"全部时间","v":""},
    {"n":"2023","v":"2023"},
    {"n":"2022","v":"2022"},
    {"n":"2021","v":"2021"},
    {"n":"2020","v":"2020"},
    {"n":"2019","v":"2019"},
    {"n":"2018","v":"2018"},
    {"n":"2017","v":"2017"},
    {"n":"2016","v":"2016"},
    {"n":"2015","v":"2015"},
    {"n":"2014","v":"2014"},
    {"n":"2013","v":"2013"},
    {"n":"2012","v":"2012"}
    ]
    },
    {"key":"by","name":"排序","value":[
    {"n":"全部排序","v":""},
    {"n":"时间排序","v":"time"},
    {"n":"人气排序","v":"hits"},
    {"n":"评分排序","v":"score"}
    ]
    }
    ],
    "ct":[
    {"key":"class","name":"剧情","value":[
    {"n":"全部剧情","v":""},
    {"n":"科幻","v":"科幻"},
    {"n":"热血","v":"热血"},
    {"n":"推理","v":"推理"},
    {"n":"搞笑","v":"搞笑"},
    {"n":"冒险","v":"冒险"},
    {"n":"校园","v":"校园"},
    {"n":"动作","v":"动作"},
    {"n":"机战","v":"机战"},
    {"n":"运动","v":"运动"},
    {"n":"少女","v":"少女"},
    {"n":"社会","v":"社会"},
    {"n":"原创","v":"原创"},
    {"n":"亲子","v":"亲子"},
    {"n":"益智","v":"益智"},
    {"n":"励志","v":"励志"}
    ]
    },
    {"key":"area","name":"地区","value":[
    {"n":"全部地区","v":""},
    {"n":"大陆","v":"大陆"},
    {"n":"日本","v":"日本"},
    {"n":"台湾","v":"台湾"},
    {"n":"美国","v":"美国"}
    ]
    },
    {"key":"year","name":"时间","value":[
    {"n":"全部时间","v":""},
    {"n":"2023","v":"2023"},
    {"n":"2022","v":"2022"},
    {"n":"2021","v":"2021"},
    {"n":"2020","v":"2020"},
    {"n":"2019","v":"2019"},
    {"n":"2018","v":"2018"},
    {"n":"2017","v":"2017"},
    {"n":"2016","v":"2016"},
    {"n":"2015","v":"2015"},
    {"n":"2014","v":"2014"},
    {"n":"2013","v":"2013"},
    {"n":"2012","v":"2012"}
    ]
    },
    {"key":"by","name":"排序","value":[
    {"n":"全部排序","v":""},
    {"n":"时间排序","v":"time"},
    {"n":"人气排序","v":"hits"},
    {"n":"评分排序","v":"score"}
    ]
    }
    ],
    "se":[
    {"key":"by","name":"排序","value":[
    {"n":"全部排序","v":""},
    {"n":"时间排序","v":"time"},
    {"n":"人气排序","v":"hits"},
    {"n":"评分排序","v":"score"}
    ]
    }
    ]
    }
    }
    
