{
    "title": "抓饭直播",
    "author": "香雅情",
    "UserAgent": "MOBILE_UA",
    "firstpage": "1",
    "class_url": "http://m.zhuafan.co/?category={cateId}",
    "class_name": "全部",
    "class_value": "all",
    "filterdata": {},
    "cat_YN_twice": "1",
    "cat_twice_pre": "channels\":[",
    "cat_twice_suf": "]",
    "cat_arr_pre": "{",
    "cat_arr_suf": "}",
    "cat_pic": "imageUrl\":\"&&\"",
    "cat_title": "cname\":\"&&\"",
    "cat_subtitle": "categoryName\":\"&&\"",
    "cat_url": "id\":\"&&\"",
    "cat_prefix": "http://m.zhuafan.co/",
    "cat_suffix": "",
    "SUserAgent": "",
    "search_url": "",
    "search_mode": "0",
    "jsonpic": "pic",
    "jsonname": "name",
    "jsonid": "id",
    "jsonstitle": "",
    "sea_YN_twice": "",
    "sea_twice_pre": "",
    "sea_twice_suf": "",
    "sea_arr_pre": "",
    "sea_arr_suf": "",
    "sea_pic": "",
    "sea_title": "",
    "sea_url": "",
    "search_prefix": "",
    "search_suffix": "",
    "sea_subtitle": "",
    "force_play": "1",
    "play_prefix": "",
    "play_suffix": "",
    "play_header": "空",
    "proj_actor": "空",
    "proj_plot": "",
    "tab_YN_twice": "0",
    "tab_twice_pre": "",
    "tab_twice_suf": "",
    "tab_arr_pre": "",
    "tab_arr_suf": "",
    "tab_title": "",
    "list_YN_twice": "0",
    "list_twice_pre": "空",
    "list_twice_suf": "空",
    "list_arr_pre": "",
    "list_arr_suf": "",
    "epi_YN_twice": "0",
    "epi_twice_pre": "空",
    "epi_twice_suf": "空",
    "epi_arr_pre": "",
    "epi_arr_suf": "",
    "epi_title": "",
    "epi_url": "",
    "epiurl_prefix": "",
    "epiurl_suffix": "",
    "ManualSniffer": "1",
    "VideoFormat": ".mp4#.m3u8#.flv#is_play_url=1#item/video#kaiyanapp#qianpailive"
}
