{
				"主页url": "https://v.fnsp0.com/index.php/ajax/data?mid=1&tid=1&page=1&limit=20",
				"请求头": "User-Agent$Mozilla/5.0 (iPhone; CPU iPhone OS 15_2 like Mac OS X) AppleWebKit/605.1.15 (KHTML, like Gecko) Version/14.0 Mobile/15E148 Safari/604.1#Referer$https://v.fnsp0.com/",
				"强制解析": "0",
				"图片代理": "0",
				"二次截取": "",
				"数组": "{\"v&&}",
				"图片": "vod_pic\":\"&&\"",
				"标题": "vod_name\":\"&&\"",
				"副标题": "vod_version\":\"&&\"+vod_remarks\":\"&&\"",
				"链接": "https://v.fnsp0.com/index.php/vod/detail/id/+od_id\":&&,+.html",
				"分类": "综合$1",
				"分类url": "https://v.fnsp0.com/index.php/ajax/data?mid=1&tid={cateId}&page={catePg}&limit=20",
				"嗅探词":".mp4#.m3u8",
				"搜索模式": "1",
				"搜索url": "https://v.fnsp0.com/index.php/vod/search.html?wd={wd}",
				"搜索数组": "public-list-exp\"&&thumb-else cor5 hide\"",
				"搜索链接": "href=\"&&\"",
				"搜索链接前缀": "https://v.fnsp0.com/",
				"搜索标题": "thumb-txt cor4 hide\">&&</div",
				"搜索图片": "data-original=\"&&\"",
				"搜索副标题": "class=\"public-list-prb hide ft2\">&&</span",
				"播放链接前缀": "https://v.fnsp0.com/",
			    "跳转播放链接":"https://b.rzyl.site/player/analysis.php?v=+link_pre*url\":\"&&\"",
				"线路数组": "<a class=\"swiper-slide\"><i&&</a>"
}
