{
	"请求头": "User-Agent$Mozilla/5.0 (iPhone; CPU iPhone OS 13_2_3 like Mac OS X) AppleWebKit/605.1.15 (KHTML, like Gecko) Version/13.0.3 Mobile/15E148 Safari/604.1",
	"主页url": "https://rebozj.pro",
	"数组": "class=\"stui-vodlist__thumb lazyload&&</a>",
	"图片": "data-original=\"&&\"",
	"标题": "title=\"&&\"",
	"链接": "href=\"&&\"",
	"副标题": "class=\"pic-text text-right\"><b>&&</span>",
	"搜索模式": "1",
	"搜索url": "https://rebozj.pro/search/-------------.html?wd=",
	"搜索数组": "class=\"stui-vodlist__thumb lazyload&&</a>",
	"搜索图片": "original=\"&&\"",
	"搜索标题": "title=\"&&\"",
	"搜索副标题": "class=\"pic-text text-right\"><b>&&</span>",
	"搜索链接": "href=\"&&\"",
	"播放列表": "<a&&/a>",
	"播放标题": ">&&<",
	"影片类型": "类型：&&</p>",
	"导演": "导演：&&</p>",
	"主演": "主演：&&</p>",
	"简介": "display: none;\">&&</span>",
	"分类": "电影$1#电视剧$2#纪录片$3#动漫$4#综艺$5",
    "分类url": "https://rebozj.pro/show/{cateId}--{area}------{catePg}---{year}.html;;cva",
	"跳转播放链接": "https://rebozj.pro/m3u8/?url=+vod_class*url\":\"&&\"",
	"二次跳转播放链接": "https://rebozj.pro/m3u8/API.php;post;url=+\"url\"*\"&&\"+&time=+\"time\"*\"&&\"+&key=+\"key\"*\"&&\"",
	"三次跳转播放链接": "\"url\"*\"&&\""
}
