    {

    
    "站名":"看看剧",
    
    "主页url":"https://kankanju.cc/",
    
    "简介":"display: none;\">&&</span>",
    
    "导演":"导演：&&</p>",
    
    "主演":"主演：&&</p>",
    
    "影片类型":"类型：&&</p>",
    
    "影片状态":"更新：&&</p>",
    
    "数组":"stui-vodlist__thumb&&</a>",
    
    "图片":"data-original=\"&&\"",
    
    "标题":"title=\"&&\"",
    
    "副标题":"pic-text text-right\">&&</span>",
    
    "链接":"href=\"&&\"",
    
    "线路数组":"data-toggle=&&</li>",
    
    "线路标题":"\"tab\">&&</a>",
    
    "播放数组":"<ul class=\"stui-content__playlist&&</ul>",
    
    "播放标题":">&&</a>",
    
    "播放列表":"<li>&&</li>",
    
    "搜索数组":"stui-vodlist__box\">&&</a>",
    
    "搜索图片":"data-original=\"&&\"",
    
    "搜索标题":"title=\"&&\"",
    
    "搜索副标题":"pic-text text-right\">&&</b>",
    
    "搜索链接":"href=\"&&\"",
    
    "搜索url":"/vodsearch.html?wd={wd}&submit=",
    
    "分类url":"https://kankanju.cc/vodshow/area/{area}/by/{by}/class/{class}/id/{cateId}/page/{catePg}/year/{year}.html;;akd0",
    
    "分类":"电影$dianying#电视剧$dianshiju#综艺$zongyi#动漫$dongman#纪录片$jilupian",
    
    "筛选":{
    "dianying":[
    {"key":"cateId","name":"类型","value":[
    {"n":"全部类型","v":""},
    {"n":"动作片","v":"dongzuopian"},
    {"n":"喜剧片","v":"aiqingpian"},
    {"n":"爱情片","v":"kehuanpian"},
    {"n":"科幻片","v":"kongbupian"},
    {"n":"恐怖片 ","v":"kongbupian"},
    {"n":"剧情片","v":"juqingpian"},
    {"n":"战争片","v":"zhanzhengpian"},
    {"n":"动画片","v":"donghua"}
    ]
    },
    {"key":"class","name":"剧情","value":[
    {"n":"全部剧情","v":""},
    {"n":"Netflix","v":"Netflix"},
    {"n":"喜剧","v":"喜剧"},
    {"n":"爱情","v":"爱情"},
    {"n":"恐怖","v":"恐怖"},
    {"n":"动作","v":"动作"},
    {"n":"科幻","v":"科幻"},
    {"n":"剧情","v":"剧情"},
    {"n":"战争","v":"战争"},
    {"n":"纪录片","v":"纪录片"},
    {"n":"犯罪","v":"犯罪"},
    {"n":"动画","v":"动画"},
    {"n":"奇幻","v":"奇幻"},
    {"n":"武侠","v":"武侠"}
    ]
    },
    {"key":"area","name":"地区","value":[
    {"n":"全部地区","v":""},
    {"n":"中国大陆","v":"中国大陆"},
    {"n":"中国香港","v":"中国香港"},
    {"n":"中国台湾","v":"中国台湾"},
    {"n":"美国","v":"美国"},
    {"n":"韩国","v":"韩国"},
    {"n":"日本","v":"日本"},
    {"n":"泰国","v":"泰国"},
    {"n":"新加坡","v":"新加坡"},
    {"n":"马来西亚","v":"马来西亚"},
    {"n":"印度","v":"印度"},
    {"n":"英国","v":"英国"},
    {"n":"法国","v":"法国"},
    {"n":"德国","v":"德国"}
    ]
    },
    {"key":"year","name":"时间","value":[
    {"n":"全部时间","v":""},
    {"n":"2023","v":"2023"},
    {"n":"2022","v":"2022"},
    {"n":"2021","v":"2021"},
    {"n":"2020","v":"2020"},
    {"n":"2019","v":"2019"},
    {"n":"2018","v":"2018"},
    {"n":"2017","v":"2017"},
    {"n":"2016","v":"2016"},
    {"n":"2015","v":"2015"},
    {"n":"2014","v":"2014"},
    {"n":"2013","v":"2013"},
    {"n":"2012","v":"2012"}
    ]
    }
    ],
    "dianshiju":[
    {"key":"cateId","name":"类型","value":[
    {"n":"全部类型","v":""},
    {"n":"国产剧","v":"guochanju"},
    {"n":"港台剧","v":"gangtaiju"},
    {"n":"日韩剧","v":"rihanju"},
    {"n":"欧美剧","v":"oumeiju"},
    {"n":"泰国剧","v":"taiguoju"}
    ]
    },
    {"key":"class","name":"剧情","value":[
    {"n":"全部剧情","v":""},
    {"n":"Netflix","v":"Netflix"},
    {"n":"爱情","v":"爱情"},
    {"n":"言情","v":"言情"},
    {"n":"都市","v":"都市"},
    {"n":"家庭","v":"家庭"},
    {"n":"纪录片","v":"纪录片"},
    {"n":"战争","v":"战争"},
    {"n":"喜剧","v":"喜剧"},
    {"n":"古装","v":"古装"},
    {"n":"武侠","v":"武侠"},
    {"n":"偶像","v":"偶像"},
    {"n":"历史","v":"历史"},
    {"n":"悬疑","v":"悬疑"},
    {"n":"科幻","v":"科幻"},
    {"n":"冒险","v":"冒险"},
    {"n":"惊悚","v":"惊悚"},
    {"n":"犯罪","v":"犯罪"},
    {"n":"运动","v":"运动"},
    {"n":"真人秀","v":"真人秀"},
    {"n":"恐怖","v":"恐怖"},
    {"n":"剧情","v":"剧情"},
    {"n":"奇幻","v":"奇幻"},
    {"n":"脱口秀","v":"脱口秀"},
    {"n":"灾难","v":"灾难"},
    {"n":"动作","v":"动作"}
    ]
    },
    {"key":"year","name":"时间","value":[
    {"n":"全部时间","v":""},
    {"n":"2023","v":"2023"},
    {"n":"2022","v":"2022"},
    {"n":"2021","v":"2021"},
    {"n":"2020","v":"2020"},
    {"n":"2019","v":"2019"},
    {"n":"2018","v":"2018"},
    {"n":"2017","v":"2017"},
    {"n":"2016","v":"2016"},
    {"n":"2015","v":"2015"},
    {"n":"2014","v":"2014"},
    {"n":"2013","v":"2013"},
    {"n":"2012","v":"2012"},
    {"n":"2011","v":"2011"},
    {"n":"2010","v":"2010"},
    {"n":"2009","v":"2009"},
    {"n":"2008","v":"2008"},
    {"n":"2007","v":"2007"},
    {"n":"2006","v":"2006"},
    {"n":"2005","v":"2005"},
    {"n":"2004","v":"2004"},
    {"n":"2003","v":"2003"},
    {"n":"2002","v":"2002"},
    {"n":"2001","v":"2001"},
    {"n":"2000","v":"2000"},
    {"n":"1990","v":"1990"},
    {"n":"1980","v":"1980"},
    {"n":"1970","v":"1970"},
    {"n":"1960","v":"1960"},
    {"n":"1950","v":"1950"}
    ]
    },
    {"key":"by","name":"排序","value":[
    {"n":"全部排序","v":""},
    {"n":"时间排序","v":"time"},
    {"n":"人气排序","v":"hits"},
    {"n":"评分排序","v":"score"}
    ]
    }
    ],
    "zongyi":[
    {"key":"class","name":"剧情","value":[
    {"n":"全部剧情","v":""},
    {"n":"Netflix","v":"Netflix"},
    {"n":"真人秀","v":"真人秀"},
    {"n":"音乐","v":"音乐"},
    {"n":"喜剧","v":"喜剧"},
    {"n":"脱口秀","v":"脱口秀"},
    {"n":"文化","v":"文化"},
    {"n":"美食","v":"美食"}
    ]
    },
    {"key":"year","name":"时间","value":[
    {"n":"全部时间","v":""},
    {"n":"2023","v":"2023"},
    {"n":"2022","v":"2022"},
    {"n":"2021","v":"2021"},
    {"n":"2020","v":"2020"},
    {"n":"2019","v":"2019"},
    {"n":"2018","v":"2018"},
    {"n":"2017","v":"2017"},
    {"n":"2016","v":"2016"},
    {"n":"2015","v":"2015"},
    {"n":"2014","v":"2014"},
    {"n":"2013","v":"2013"},
    {"n":"2012","v":"2012"}
    ]
    }
    ],
    "dongman":[
    {"key":"class","name":"剧情","value":[
    {"n":"全部剧情","v":""},
    {"n":"Netflix","v":"Netflix"},
    {"n":"动画","v":"动画"},
    {"n":"武侠","v":"武侠"},
    {"n":"奇幻","v":"奇幻"},
    {"n":"动作","v":"动作"},
    {"n":"爱情","v":"爱情"},
    {"n":"剧情","v":"剧情"},
    {"n":"战争","v":"战争"},
    {"n":"喜剧","v":"喜剧"},
    {"n":"科幻","v":"科幻"},
    {"n":"古装","v":"古装"},
    {"n":"冒险","v":"冒险"},
    {"n":"悬疑","v":"悬疑"}
    ]
    },
    {"key":"area","name":"地区","value":[
    {"n":"全部地区","v":""},
    {"n":"中国大陆","v":"中国大陆"},
    {"n":"日本","v":"日本"},
    {"n":"欧美","v":"欧美"},
    {"n":"其他","v":"其他"}
    ]
    },
    {"key":"year","name":"时间","value":[
    {"n":"全部时间","v":""},
    {"n":"2023","v":"2023"},
    {"n":"2022","v":"2022"},
    {"n":"2021","v":"2021"},
    {"n":"2020","v":"2020"},
    {"n":"2019","v":"2019"},
    {"n":"2018","v":"2018"},
    {"n":"2017","v":"2017"},
    {"n":"2016","v":"2016"},
    {"n":"2015","v":"2015"},
    {"n":"2014","v":"2014"},
    {"n":"2013","v":"2013"},
    {"n":"2012","v":"2012"}
    ]
    }
    ],
    "jilupian":[
    {"key":"class","name":"剧情","value":[
    {"n":"全部剧情","v":""},
    {"n":"Netflix","v":"Netflix"},
    {"n":"剧情","v":"剧情"},
    {"n":"传记","v":"传记"},
    {"n":"记录","v":"记录"},
    {"n":"爱情","v":"爱情"},
    {"n":"言情","v":"言情"},
    {"n":"都市","v":"都市"},
    {"n":"家庭","v":"家庭"},
    {"n":"纪录片","v":"纪录片"},
    {"n":"战争","v":"战争"},
    {"n":"喜剧","v":"喜剧"},
    {"n":"古装","v":"古装"},
    {"n":"武侠","v":"武侠"}
    ]
    }
    ,{"key":"area","name":"地区","value":[
    {"n":"全部地区","v":""},
    {"n":"中国大陆","v":"中国大陆"},
    {"n":"中国香港","v":"中国香港"},
    {"n":"中国台湾","v":"中国台湾"},
    {"n":"美国","v":"美国"},
    {"n":"韩国","v":"韩国"},
    {"n":"日本","v":"日本"},
    {"n":"泰国","v":"泰国"},
    {"n":"新加坡","v":"新加坡"},
    {"n":"马来西亚","v":"马来西亚"},
    {"n":"印度","v":"印度"},
    {"n":"英国","v":"英国"},
    {"n":"法国","v":"法国"},
    {"n":"德国","v":"德国"}
    ]
    },
    {"key":"year","name":"时间","value":[
    {"n":"全部时间","v":""},
    {"n":"2023","v":"2023"},
    {"n":"2022","v":"2022"},
    {"n":"2021","v":"2021"},
    {"n":"2020","v":"2020"},
    {"n":"2019","v":"2019"},
    {"n":"2018","v":"2018"},
    {"n":"2017","v":"2017"},
    {"n":"2016","v":"2016"},
    {"n":"2015","v":"2015"},
    {"n":"2014","v":"2014"},
    {"n":"2013","v":"2013"},
    {"n":"2012","v":"2012"}
    ]
    }
    ]
    }
    }
