{
  "站名": "饭团影视",
  "主页url": "https://www.fantuanhd.com/",
  "数组": "class=\"stui-vodlist__box&&</li>",
  "图片": "data-original=\"&&\"",
  "标题": "title=\"&&\"",
  "链接": "href=\"&&\"",
  "副标题": "<span class=\"pic-text text-right\">&&</span>",
  "状态": "地区：&&</p>",
  "导演": "导演：&&</p>",
  "主演": "主演：&&</p>",
  "简介": "简介：&&</p>",
  "搜索模式": "1",
  "搜索url": "https://search.ymck.me/index.php?q={wd}",
  "搜索数组": "<b>&&</b>[包含:饭团影视]",
  "搜索副标题": "<a>&&</a>",
  "搜索标题": "class='movie_name'>&&</a>",
  "搜索链接": "href=\"&&\"",
  "搜索图片": "https://www.fantuanhd.com/statics/img/favicon.ico",
  "免嗅": "0",
  "嗅探词": ".m3u8#.mp4",
  "分类": "电影$20#电视剧$21#综艺$22#动漫$23#记录片$24#动画片$25",
  "分类url": "https://www.fantuanhd.com/show/id-{cateId}/area/{area}/by/{by}/class/{class}/lang/{lang}/page/{catePg}/year/{year}.html"
}
